County,Population,Firearm Homicide,Total Homicide,Firearm Suicides,Total Suicides
"Abbeville County, SC",273649.0,13.0,22.0,43.0,51.0
"Acadia Parish, LA",684322.0,59.0,72.0,72.0,115.0
"Accomack County, VA",361441.0,33.0,43.0,31.0,55.0
"Ada County, ID",4826008.0,37.0,68.0,496.0,872.0
"Adair County, OK",244203.0,12.0,22.0,18.0,36.0
"Adams County, CO",5344418.0,176.0,269.0,421.0,959.0
"Adams County, IL",731311.0,14.0,22.0,47.0,103.0
"Adams County, MS",345978.0,62.0,71.0,40.0,52.0
"Adams County, OH",308200.0,11.0,16.0,44.0,63.0
"Adams County, PA",1122956.0,12.0,20.0,103.0,170.0
"Aiken County, SC",1827156.0,132.0,165.0,243.0,356.0
"Alachua County, FL",2858570.0,87.0,124.0,191.0,366.0
"Alamance County, NC",1756158.0,67.0,92.0,128.0,225.0
"Alameda County, CA",17734192.0,1021.0,1222.0,488.0,1644.0
"Alamosa County, CO",178530.0,,11.0,23.0,49.0
"Albany County, NY",3372456.0,53.0,102.0,99.0,328.0
"Albemarle County, VA",1158246.0,19.0,25.0,82.0,137.0
"Alcorn County, MS",408638.0,33.0,38.0,55.0,82.0
"Alexander County, IL",76034.0,,13.0,,11.0
"Alexander County, NC",409790.0,15.0,21.0,52.0,77.0
"Alexandria city, VA",1678068.0,26.0,46.0,55.0,156.0
"Allegan County, MI",1262014.0,12.0,18.0,99.0,186.0
"Allegany County, MD",797985.0,10.0,25.0,66.0,120.0
"Allegany County, NY",521467.0,,11.0,51.0,79.0
"Allegheny County, PA",13467261.0,919.0,1078.0,828.0,1840.0
"Allen County, IN",4051568.0,284.0,361.0,240.0,503.0
"Allen County, KY",226945.0,10.0,16.0,25.0,45.0
"Allen County, OH",1146263.0,51.0,71.0,73.0,153.0
"Allen Parish, LA",281970.0,,13.0,37.0,57.0
"Allendale County, SC",103524.0,20.0,27.0,,
"Amador County, CA",418568.0,,24.0,71.0,128.0
"Amelia County, VA",141862.0,,12.0,27.0,33.0
"Amherst County, VA",351202.0,,10.0,38.0,53.0
"Amite County, MS",138987.0,10.0,17.0,,12.0
"Anchorage Borough, AK",3245842.0,178.0,260.0,414.0,689.0
"Anderson County, SC",2145833.0,156.0,197.0,286.0,420.0
"Anderson County, TN",835808.0,24.0,30.0,96.0,161.0
"Anderson County, TX",637173.0,20.0,39.0,60.0,165.0
"Androscoggin County, ME",1184459.0,12.0,23.0,97.0,207.0
"Angelina County, TX",961682.0,37.0,56.0,94.0,146.0
"Anne Arundel County, MD",6192241.0,147.0,230.0,306.0,765.0
"Anoka County, MN",3793932.0,43.0,62.0,228.0,525.0
"Anson County, NC",281452.0,38.0,48.0,22.0,37.0
"Apache County, AZ",792648.0,39.0,113.0,86.0,273.0
"Appling County, GA",202625.0,,10.0,18.0,27.0
"Appomattox County, VA",170041.0,14.0,16.0,20.0,30.0
"Aransas County, TX",267437.0,,14.0,63.0,81.0
"Arapahoe County, CO",6854861.0,203.0,318.0,555.0,1189.0
"Arkansas County, AR",201426.0,19.0,23.0,22.0,30.0
"Arlington County, VA",2505151.0,,29.0,62.0,188.0
"Armstrong County, PA",735150.0,10.0,15.0,81.0,126.0
"Aroostook County, ME",758932.0,11.0,17.0,79.0,132.0
"Ascension Parish, LA",1304839.0,56.0,73.0,105.0,152.0
"Ashland County, OH",586416.0,,10.0,31.0,63.0
"Ashley County, AR",227955.0,19.0,22.0,29.0,36.0
"Ashtabula County, OH",1088134.0,21.0,85.0,114.0,206.0
"Assumption Parish, LA",249696.0,,12.0,20.0,28.0
"Atascosa County, TX",531203.0,25.0,37.0,48.0,81.0
"Athens County, OH",718519.0,,16.0,49.0,79.0
"Atkinson County, GA",91453.0,,13.0,,
"Atlantic County, NJ",2982552.0,146.0,197.0,115.0,382.0
"Atoka County, OK",153087.0,,11.0,15.0,27.0
"Attala County, MS",207664.0,20.0,24.0,18.0,21.0
"Augusta County, VA",820745.0,,16.0,118.0,173.0
"Austin County, TX",322761.0,15.0,17.0,47.0,70.0
"Autauga County, AL",609875.0,22.0,32.0,78.0,115.0
"Avoyelles Parish, LA",451816.0,28.0,42.0,78.0,99.0
"Bacon County, GA",123369.0,12.0,12.0,13.0,18.0
"Baker County, FL",306232.0,10.0,12.0,28.0,40.0
"Baldwin County, AL",2250866.0,49.0,68.0,281.0,444.0
"Baldwin County, GA",498773.0,39.0,48.0,45.0,61.0
"Baltimore County, MD",9058805.0,523.0,682.0,425.0,978.0
"Baltimore city, MD",6736970.0,2203.0,2607.0,210.0,591.0
"Bamberg County, SC",164279.0,17.0,18.0,14.0,17.0
"Bannock County, ID",934057.0,,25.0,152.0,252.0
"Barbour County, AL",287620.0,21.0,29.0,30.0,41.0
"Barnstable County, MA",2358604.0,11.0,24.0,74.0,338.0
"Barnwell County, SC",238605.0,37.0,43.0,21.0,27.0
"Barren County, KY",477337.0,,10.0,69.0,104.0
"Barron County, WI",500341.0,,13.0,45.0,74.0
"Barrow County, GA",835335.0,23.0,34.0,85.0,147.0
"Barry County, MI",659731.0,,15.0,69.0,115.0
"Bartholomew County, IN",889180.0,13.0,22.0,85.0,144.0
"Barton County, KS",295868.0,,11.0,41.0,68.0
"Bartow County, GA",1139428.0,39.0,53.0,129.0,200.0
"Bastrop County, TX",893264.0,32.0,46.0,103.0,153.0
"Baxter County, AR",455174.0,16.0,21.0,98.0,148.0
"Bay County, FL",1945069.0,85.0,129.0,264.0,445.0
"Bay County, MI",1158908.0,19.0,25.0,95.0,187.0
"Beaufort County, NC",521417.0,24.0,33.0,60.0,95.0
"Beaufort County, SC",1968731.0,95.0,118.0,155.0,253.0
"Beauregard Parish, LA",403377.0,14.0,25.0,37.0,50.0
"Beaver County, PA",1844391.0,46.0,62.0,162.0,283.0
"Becker County, MN",369240.0,,12.0,38.0,64.0
"Beckham County, OK",247932.0,,14.0,38.0,63.0
"Bedford County, PA",536098.0,,16.0,71.0,102.0
"Bedford County, TN",520382.0,11.0,15.0,58.0,93.0
"Bedford County, VA",825133.0,15.0,21.0,99.0,149.0
"Bee County, TX",357997.0,12.0,22.0,23.0,62.0
"Belknap County, NH",667203.0,,11.0,71.0,132.0
"Bell County, KY",300693.0,,13.0,41.0,56.0
"Bell County, TX",3716129.0,223.0,272.0,384.0,614.0
"Belmont County, OH",755553.0,16.0,21.0,82.0,132.0
"Beltrami County, MN",506183.0,15.0,29.0,40.0,93.0
"Ben Hill County, GA",189567.0,15.0,17.0,16.0,24.0
"Benton County, AR",2775567.0,33.0,60.0,233.0,430.0
"Benton County, MO",209802.0,12.0,17.0,38.0,64.0
"Benton County, MS",92697.0,10.0,13.0,,11.0
"Benton County, OR",977145.0,,11.0,71.0,133.0
"Benton County, TN",178319.0,10.0,11.0,29.0,45.0
"Benton County, WA",2104084.0,36.0,54.0,181.0,329.0
"Bergen County, NJ",10219259.0,60.0,128.0,157.0,810.0
"Berkeley County, SC",2259980.0,124.0,149.0,211.0,347.0
"Berkeley County, WV",1234985.0,26.0,47.0,129.0,226.0
"Berks County, PA",4575193.0,121.0,181.0,356.0,705.0
"Berkshire County, MA",1406900.0,15.0,28.0,56.0,188.0
"Bernalillo County, NM",7426663.0,440.0,649.0,848.0,1617.0
"Berrien County, MI",1703778.0,56.0,72.0,134.0,249.0
"Bertie County, NC",219221.0,14.0,20.0,13.0,24.0
"Bethel Census Area, AK",196830.0,11.0,30.0,48.0,93.0
"Bexar County, TX",20731543.0,1098.0,1465.0,1258.0,2385.0
"Bibb County, AL",248120.0,17.0,21.0,29.0,38.0
"Bibb County, GA",1695402.0,216.0,268.0,138.0,203.0
"Big Horn County, MT",145008.0,11.0,24.0,21.0,30.0
"Bingham County, ID",503959.0,11.0,16.0,60.0,105.0
"Black Hawk County, IA",1453331.0,44.0,60.0,71.0,195.0
"Bladen County, NC",374893.0,33.0,40.0,28.0,41.0
"Blair County, PA",1372606.0,17.0,23.0,110.0,191.0
"Blount County, AL",635351.0,28.0,38.0,83.0,122.0
"Blount County, TN",1407566.0,22.0,37.0,146.0,230.0
"Blue Earth County, MN",726923.0,,12.0,41.0,97.0
"Bolivar County, MS",359744.0,54.0,69.0,29.0,33.0
"Bonner County, ID",469683.0,10.0,13.0,77.0,115.0
"Bonneville County, ID",1227796.0,15.0,26.0,163.0,278.0
"Boone County, AR",410317.0,16.0,22.0,65.0,94.0
"Boone County, IL",590797.0,,12.0,23.0,56.0
"Boone County, IN",693518.0,,17.0,60.0,107.0
"Boone County, KY",1402205.0,18.0,26.0,109.0,192.0
"Boone County, MO",1913592.0,74.0,84.0,142.0,244.0
"Boone County, WV",254489.0,,15.0,39.0,54.0
"Bossier Parish, LA",1368160.0,57.0,85.0,135.0,196.0
"Boulder County, CO",3466201.0,19.0,45.0,288.0,638.0
"Bourbon County, KY",219979.0,,10.0,17.0,27.0
"Bowie County, TX",1027579.0,49.0,80.0,117.0,190.0
"Boyd County, KY",530800.0,,16.0,66.0,98.0
"Boyle County, KY",324637.0,,10.0,47.0,64.0
"Bradford County, FL",302794.0,12.0,17.0,28.0,53.0
"Bradford County, PA",676712.0,,16.0,73.0,130.0
"Bradley County, AR",122037.0,,12.0,13.0,19.0
"Bradley County, TN",1143024.0,31.0,44.0,102.0,167.0
"Brazoria County, TX",3814220.0,107.0,166.0,304.0,489.0
"Brazos County, TX",2352272.0,50.0,75.0,123.0,212.0
"Breathitt County, KY",145929.0,14.0,17.0,23.0,31.0
"Breckinridge County, KY",221806.0,10.0,13.0,29.0,38.0
"Brevard County, FL",6285587.0,240.0,346.0,764.0,1389.0
"Bristol County, MA",6127846.0,75.0,127.0,160.0,687.0
"Bronx County, NY",15676280.0,687.0,1160.0,92.0,839.0
"Brooke County, WV",253619.0,,10.0,34.0,50.0
"Brooks County, GA",171728.0,,11.0,20.0,26.0
"Broome County, NY",2149681.0,19.0,60.0,95.0,256.0
"Broomfield County, CO",705051.0,14.0,20.0,58.0,117.0
"Broward County, FL",20655532.0,867.0,1161.0,1186.0,2582.0
"Brown County, OH",483916.0,13.0,16.0,52.0,93.0
"Brown County, TX",417160.0,,13.0,54.0,81.0
"Brown County, WI",2837408.0,30.0,52.0,181.0,423.0
"Brunswick County, NC",1373140.0,32.0,53.0,126.0,214.0
"Bryan County, GA",387805.0,17.0,19.0,48.0,69.0
"Bryan County, OK",498595.0,15.0,25.0,57.0,98.0
"Buchanan County, MO",977258.0,37.0,66.0,73.0,170.0
"Buchanan County, VA",247547.0,16.0,18.0,43.0,60.0
"Bucks County, PA",6899376.0,60.0,121.0,397.0,956.0
"Bullitt County, KY",863159.0,20.0,27.0,100.0,157.0
"Bulloch County, GA",820358.0,32.0,40.0,63.0,91.0
"Bullock County, AL",114915.0,13.0,14.0,,11.0
"Buncombe County, NC",2773322.0,72.0,112.0,256.0,531.0
"Burke County, GA",250986.0,26.0,31.0,23.0,31.0
"Burke County, NC",989920.0,34.0,47.0,101.0,180.0
"Burleigh County, ND",998806.0,,20.0,94.0,161.0
"Burlington County, NJ",4935641.0,88.0,136.0,145.0,488.0
"Burnet County, TX",501941.0,11.0,25.0,51.0,74.0
"Butler County, AL",221074.0,34.0,39.0,25.0,33.0
"Butler County, KS",730866.0,11.0,16.0,84.0,151.0
"Butler County, MO",470635.0,15.0,29.0,63.0,95.0
"Butler County, OH",4139802.0,117.0,156.0,261.0,523.0
"Butler County, PA",2050748.0,16.0,24.0,168.0,271.0
"Butte County, CA",2452891.0,54.0,91.0,243.0,475.0
"Butts County, GA",263436.0,12.0,18.0,27.0,46.0
"Cabarrus County, NC",2177804.0,67.0,85.0,153.0,270.0
"Cabell County, WV",1048735.0,56.0,79.0,99.0,173.0
"Cache County, UT",1331462.0,,12.0,85.0,196.0
"Caddo County, OK",322222.0,12.0,22.0,43.0,73.0
"Caddo Parish, LA",2744100.0,374.0,450.0,233.0,332.0
"Calaveras County, CA",497995.0,11.0,18.0,88.0,133.0
"Calcasieu Parish, LA",2185545.0,111.0,162.0,240.0,382.0
"Caldwell County, NC",901852.0,31.0,48.0,102.0,164.0
"Caldwell County, TX",449195.0,12.0,22.0,40.0,64.0
"Calhoun County, AL",1272627.0,95.0,125.0,178.0,238.0
"Calhoun County, GA",70954.0,,10.0,,
"Calhoun County, MI",1481679.0,49.0,81.0,148.0,262.0
"Calhoun County, MS",161058.0,14.0,16.0,15.0,17.0
"Calhoun County, SC",163071.0,14.0,17.0,20.0,30.0
"Callaway County, MO",491629.0,20.0,21.0,51.0,86.0
"Calloway County, KY",421464.0,11.0,17.0,55.0,76.0
"Calvert County, MD",999666.0,10.0,18.0,70.0,136.0
"Cambria County, PA",1502013.0,49.0,71.0,167.0,272.0
"Camden County, GA",577713.0,12.0,16.0,55.0,90.0
"Camden County, MO",492309.0,,14.0,64.0,99.0
"Camden County, NJ",5616479.0,378.0,492.0,135.0,575.0
"Cameron County, TX",4612835.0,62.0,107.0,148.0,314.0
"Campbell County, KY",1012526.0,17.0,23.0,66.0,122.0
"Campbell County, TN",440180.0,,18.0,57.0,92.0
"Campbell County, VA",605367.0,19.0,29.0,70.0,104.0
"Campbell County, WY",520543.0,,11.0,77.0,121.0
"Canadian County, OK",1469079.0,30.0,51.0,155.0,250.0
"Candler County, GA",120433.0,,10.0,13.0,20.0
"Cannon County, TN",154975.0,,12.0,22.0,33.0
"Canyon County, ID",2302795.0,30.0,50.0,252.0,422.0
"Cape Girardeau County, MO",857401.0,37.0,45.0,92.0,153.0
"Cape May County, NJ",1040266.0,,16.0,48.0,124.0
"Carbon County, PA",708533.0,13.0,21.0,110.0,184.0
"Caroline County, MD",362824.0,,10.0,30.0,50.0
"Caroline County, VA",328247.0,,14.0,45.0,62.0
"Carroll County, AR",306293.0,,11.0,45.0,72.0
"Carroll County, GA",1268078.0,36.0,51.0,125.0,213.0
"Carroll County, IN",220767.0,,11.0,20.0,31.0
"Carroll County, MD",1846065.0,16.0,32.0,112.0,236.0
"Carroll County, MS",112259.0,10.0,12.0,15.0,20.0
"Carroll County, TN",309680.0,13.0,17.0,38.0,55.0
"Carson City, NV",605525.0,,24.0,101.0,182.0
"Carter County, KY",298770.0,,12.0,26.0,39.0
"Carter County, OK",531126.0,26.0,41.0,80.0,119.0
"Carter County, TN",624824.0,15.0,19.0,72.0,114.0
"Carteret County, NC",753924.0,18.0,25.0,91.0,166.0
"Cascade County, MT",899657.0,19.0,37.0,121.0,228.0
"Cass County, MI",569702.0,,11.0,60.0,106.0
"Cass County, MN",318708.0,10.0,18.0,34.0,57.0
"Cass County, MO",1127148.0,31.0,42.0,156.0,231.0
"Cass County, ND",1860028.0,15.0,35.0,125.0,272.0
"Cass County, TX",332202.0,17.0,22.0,58.0,79.0
"Cassia County, ID",259103.0,,10.0,30.0,48.0
"Caswell County, NC",252853.0,13.0,16.0,30.0,36.0
"Catahoula Parish, LA",109684.0,,11.0,,12.0
"Catawba County, NC",1720221.0,71.0,98.0,177.0,305.0
"Catoosa County, GA",726444.0,15.0,16.0,66.0,108.0
"Cattaraugus County, NY",858866.0,,11.0,67.0,125.0
"Cayuga County, NY",861118.0,,10.0,32.0,107.0
"Cecil County, MD",1125625.0,24.0,49.0,100.0,187.0
"Centre County, PA",1749418.0,,14.0,99.0,187.0
"Cerro Gordo County, IA",474999.0,,13.0,36.0,95.0
"Chambers County, AL",371869.0,30.0,39.0,56.0,76.0
"Chambers County, TX",433885.0,18.0,25.0,49.0,68.0
"Champaign County, IL",2273615.0,61.0,85.0,80.0,239.0
"Champaign County, OH",431213.0,,10.0,45.0,78.0
"Charles County, MD",1716603.0,74.0,100.0,117.0,187.0
"Charles Mix County, SD",102180.0,,15.0,,26.0
"Charleston County, SC",4249369.0,415.0,495.0,323.0,612.0
"Charlotte County, FL",1918380.0,20.0,29.0,256.0,387.0
"Charlottesville city, VA",504745.0,17.0,25.0,20.0,39.0
"Charlton County, GA",143007.0,,14.0,16.0,24.0
"Chatham County, GA",3109546.0,325.0,392.0,266.0,456.0
"Chatham County, NC",767191.0,18.0,31.0,59.0,105.0
"Chattooga County, GA",276491.0,12.0,16.0,26.0,43.0
"Chautauqua County, NY",1438148.0,10.0,29.0,95.0,192.0
"Chaves County, NM",718947.0,81.0,97.0,89.0,149.0
"Cheatham County, TN",438868.0,23.0,31.0,69.0,99.0
"Chelan County, WA",828497.0,15.0,23.0,80.0,145.0
"Chemung County, NY",952139.0,15.0,29.0,36.0,110.0
"Cherokee County, AL",286270.0,17.0,20.0,41.0,63.0
"Cherokee County, GA",2613396.0,37.0,56.0,226.0,378.0
"Cherokee County, NC",305227.0,,14.0,49.0,71.0
"Cherokee County, OK",531726.0,23.0,38.0,56.0,111.0
"Cherokee County, SC",620092.0,35.0,50.0,90.0,128.0
"Cherokee County, TX",568534.0,18.0,22.0,64.0,103.0
"Chesapeake city, VA",2587864.0,127.0,155.0,188.0,341.0
"Cheshire County, NH",840060.0,13.0,17.0,80.0,162.0
"Chester County, PA",5656948.0,59.0,86.0,289.0,656.0
"Chester County, SC",356993.0,33.0,41.0,48.0,64.0
"Chesterfield County, SC",506704.0,37.0,51.0,64.0,83.0
"Chesterfield County, VA",3698511.0,152.0,181.0,296.0,525.0
"Chickasaw County, MS",189501.0,11.0,21.0,16.0,21.0
"Chicot County, AR",120557.0,12.0,17.0,,15.0
"Chilton County, AL",484168.0,20.0,28.0,53.0,79.0
"Chippewa County, MI",418543.0,,10.0,31.0,68.0
"Chittenden County, VT",1770523.0,,28.0,106.0,234.0
"Choctaw County, AL",144806.0,10.0,14.0,13.0,18.0
"Choctaw County, OK",164574.0,14.0,22.0,25.0,37.0
"Chowan County, NC",158385.0,,11.0,11.0,16.0
"Christian County, KY",801076.0,59.0,75.0,86.0,145.0
"Christian County, MO",918161.0,17.0,27.0,107.0,165.0
"Cibola County, NM",298333.0,11.0,27.0,32.0,69.0
"Citrus County, FL",1580197.0,42.0,68.0,290.0,421.0
"Clackamas County, OR",4401398.0,51.0,80.0,390.0,734.0
"Claiborne County, MS",101011.0,17.0,21.0,,
"Claiborne Parish, LA",179517.0,,17.0,22.0,30.0
"Clallam County, WA",815797.0,18.0,34.0,133.0,224.0
"Clarendon County, SC",375165.0,25.0,33.0,44.0,55.0
"Clark County, AR",248175.0,14.0,21.0,21.0,37.0
"Clark County, IN",1264256.0,38.0,55.0,123.0,197.0
"Clark County, KY",394906.0,11.0,17.0,39.0,64.0
"Clark County, NV",23308421.0,1050.0,1557.0,2225.0,4296.0
"Clark County, OH",1493514.0,73.0,90.0,117.0,255.0
"Clark County, WA",5060012.0,75.0,130.0,392.0,870.0
"Clarke County, AL",270824.0,15.0,21.0,30.0,42.0
"Clarke County, GA",1355666.0,48.0,59.0,97.0,161.0
"Clarke County, MS",176911.0,11.0,14.0,19.0,24.0
"Clatsop County, OR",422267.0,,10.0,48.0,90.0
"Clay County, FL",2255379.0,71.0,99.0,228.0,387.0
"Clay County, KY",229299.0,17.0,23.0,31.0,39.0
"Clay County, MN",682539.0,,12.0,40.0,94.0
"Clay County, MO",2606204.0,76.0,101.0,285.0,479.0
"Clay County, MS",219742.0,10.0,14.0,24.0,27.0
"Clay County, WV",98239.0,14.0,14.0,18.0,24.0
"Clayton County, GA",3031693.0,344.0,411.0,160.0,252.0
"Clearfield County, PA",885166.0,,14.0,116.0,174.0
"Cleburne County, AL",164419.0,,11.0,25.0,29.0
"Cleburne County, AR",279597.0,12.0,17.0,42.0,57.0
"Clermont County, OH",2225917.0,18.0,28.0,186.0,346.0
"Cleveland County, NC",1073148.0,50.0,65.0,99.0,180.0
"Cleveland County, OK",3007425.0,59.0,91.0,289.0,476.0
"Clinton County, NY",893212.0,,16.0,52.0,113.0
"Clinton County, OH",461407.0,,12.0,36.0,64.0
"Coahoma County, MS",265661.0,73.0,89.0,18.0,23.0
"Cobb County, GA",8066432.0,246.0,323.0,543.0,941.0
"Cochise County, AZ",1410739.0,34.0,56.0,243.0,336.0
"Cocke County, TN",391570.0,,24.0,56.0,90.0
"Coconino County, AZ",1528756.0,38.0,102.0,173.0,369.0
"Coffee County, AL",565365.0,16.0,24.0,74.0,90.0
"Coffee County, GA",473139.0,27.0,36.0,47.0,67.0
"Coffee County, TN",599859.0,,27.0,87.0,143.0
"Colbert County, AL",600933.0,21.0,29.0,74.0,99.0
"Cole County, MO",841848.0,32.0,40.0,79.0,126.0
"Coles County, IL",577193.0,,17.0,22.0,55.0
"Colfax County, NM",139206.0,,14.0,21.0,44.0
"Colleton County, SC",417298.0,59.0,67.0,55.0,75.0
"Collier County, FL",3922184.0,68.0,101.0,262.0,530.0
"Collin County, TX",10104488.0,135.0,194.0,615.0,1093.0
"Colonial Heights city, VA",193525.0,,14.0,23.0,40.0
"Colorado County, TX",231298.0,,13.0,27.0,40.0
"Colquitt County, GA",503778.0,41.0,49.0,57.0,80.0
"Columbia County, AR",263490.0,18.0,20.0,30.0,49.0
"Columbia County, FL",760484.0,44.0,64.0,93.0,145.0
"Columbia County, GA",1572928.0,28.0,43.0,145.0,220.0
"Columbia County, OR",556616.0,,14.0,81.0,130.0
"Columbia County, PA",729863.0,10.0,19.0,77.0,124.0
"Columbia County, WI",627025.0,,11.0,67.0,122.0
"Columbiana County, OH",1150731.0,19.0,37.0,120.0,213.0
"Columbus County, NC",622699.0,75.0,102.0,54.0,75.0
"Comal County, TX",1451232.0,30.0,47.0,170.0,273.0
"Comanche County, OK",1356853.0,102.0,134.0,146.0,229.0
"Concordia Parish, LA",220644.0,27.0,34.0,25.0,35.0
"Conecuh County, AL",138602.0,14.0,17.0,18.0,24.0
"Conejos County, CO",90355.0,,10.0,17.0,25.0
"Contra Costa County, CA",12265647.0,588.0,734.0,451.0,1266.0
"Conway County, AR",231804.0,,12.0,24.0,44.0
"Cook County, GA",188831.0,13.0,16.0,22.0,25.0
"Cook County, IL",57222250.0,6273.0,7291.0,1508.0,4814.0
"Cooke County, TX",434363.0,10.0,17.0,53.0,100.0
"Coos County, NH",350700.0,,10.0,51.0,76.0
"Coos County, OR",697482.0,16.0,32.0,123.0,210.0
"Coosa County, AL",119089.0,12.0,13.0,16.0,23.0
"Copiah County, MS",315681.0,26.0,33.0,32.0,45.0
"Coryell County, TX",833479.0,21.0,32.0,77.0,146.0
"Covington County, AL",412928.0,14.0,17.0,43.0,62.0
"Covington County, MS",211867.0,25.0,32.0,22.0,38.0
"Coweta County, GA",1523915.0,47.0,62.0,150.0,222.0
"Cowley County, KS",392694.0,,13.0,45.0,65.0
"Cowlitz County, WA",1157366.0,18.0,31.0,112.0,217.0
"Craighead County, AR",1146938.0,50.0,72.0,117.0,175.0
"Craven County, NC",1137818.0,51.0,69.0,100.0,163.0
"Crawford County, AR",686213.0,19.0,29.0,80.0,145.0
"Crawford County, KS",430265.0,11.0,16.0,32.0,66.0
"Crawford County, MO",268067.0,,26.0,35.0,58.0
"Crawford County, PA",951943.0,12.0,30.0,97.0,163.0
"Creek County, OK",780706.0,39.0,50.0,120.0,181.0
"Crenshaw County, AL",152887.0,13.0,14.0,18.0,23.0
"Crisp County, GA",252370.0,25.0,33.0,31.0,37.0
"Crittenden County, AR",541603.0,78.0,102.0,41.0,64.0
"Crockett County, TN",159244.0,10.0,13.0,18.0,23.0
"Cross County, AR",188530.0,11.0,13.0,23.0,40.0
"Cullman County, AL",902438.0,22.0,34.0,102.0,176.0
"Culpeper County, VA",548578.0,13.0,16.0,52.0,87.0
"Cumberland County, ME",3182438.0,21.0,43.0,186.0,443.0
"Cumberland County, NC",3608278.0,302.0,382.0,338.0,544.0
"Cumberland County, NJ",1696195.0,88.0,128.0,52.0,153.0
"Cumberland County, PA",2702446.0,23.0,40.0,202.0,360.0
"Cumberland County, TN",642923.0,21.0,30.0,109.0,145.0
"Curry County, NM",547204.0,20.0,35.0,56.0,89.0
"Custer County, OK",317156.0,13.0,15.0,36.0,50.0
"Cuyahoga County, OH",13799108.0,1284.0,1618.0,827.0,1748.0
"Dakota County, MN",4566858.0,47.0,69.0,237.0,557.0
"Dale County, AL",545211.0,31.0,36.0,61.0,90.0
"Dallas County, AL",445681.0,124.0,137.0,28.0,42.0
"Dallas County, AR",83322.0,,10.0,,11.0
"Dallas County, IA",892067.0,,11.0,48.0,99.0
"Dallas County, TX",27892658.0,1753.0,2263.0,1571.0,2933.0
"Dane County, WI",5746705.0,59.0,102.0,294.0,730.0
"Danville city, VA",459970.0,71.0,89.0,45.0,69.0
"Darlington County, SC",742829.0,86.0,101.0,81.0,106.0
"Dauphin County, PA",3006802.0,159.0,201.0,189.0,386.0
"Davidson County, NC",1814798.0,47.0,61.0,172.0,286.0
"Davidson County, TN",7372849.0,650.0,791.0,508.0,966.0
"Davie County, NC",462300.0,,10.0,50.0,82.0
"Daviess County, IN",359817.0,,11.0,16.0,35.0
"Daviess County, KY",1092130.0,20.0,34.0,125.0,209.0
"Davis County, UT",3678272.0,26.0,46.0,277.0,589.0
"De Soto Parish, LA",298746.0,19.0,25.0,35.0,42.0
"DeKalb County, AL",783845.0,22.0,37.0,103.0,153.0
"DeKalb County, GA",8040685.0,868.0,1024.0,403.0,722.0
"DeKalb County, IL",1151954.0,10.0,17.0,50.0,120.0
"DeKalb County, TN",214770.0,,11.0,30.0,45.0
"DeSoto County, FL",396127.0,12.0,24.0,40.0,66.0
"DeSoto County, MS",1913598.0,99.0,126.0,196.0,272.0
"Dearborn County, IN",546778.0,11.0,19.0,54.0,103.0
"Decatur County, GA",297772.0,17.0,26.0,38.0,50.0
"Decatur County, IN",290320.0,,14.0,23.0,41.0
"Deer Lodge County, MT",101108.0,,12.0,33.0,45.0
"Del Norte County, CA",306516.0,12.0,28.0,43.0,69.0
"Delaware County, IN",1277253.0,37.0,54.0,102.0,189.0
"Delaware County, OH",2125205.0,12.0,19.0,94.0,209.0
"Delaware County, OK",461921.0,18.0,22.0,62.0,94.0
"Delaware County, PA",6194747.0,384.0,455.0,268.0,843.0
"Delta County, CO",336359.0,,14.0,67.0,100.0
"Dent County, MO",171320.0,,10.0,20.0,32.0
"Denton County, TX",8627083.0,107.0,154.0,538.0,916.0
"Denver County, CO",7427215.0,345.0,498.0,517.0,1333.0
"Des Moines County, IA",437593.0,16.0,24.0,43.0,82.0
"Deschutes County, OR",1951597.0,22.0,38.0,226.0,402.0
"Desha County, AR",132673.0,12.0,19.0,12.0,17.0
"Dickson County, TN",569249.0,21.0,32.0,79.0,123.0
"Dillingham Census Area, AK",54486.0,,10.0,14.0,20.0
"Dillon County, SC",341825.0,66.0,79.0,30.0,35.0
"Dinwiddie County, VA",309641.0,15.0,20.0,34.0,52.0
"District of Columbia, DC",7325774.0,1038.0,1344.0,104.0,462.0
"Dixie County, FL",180640.0,12.0,21.0,26.0,39.0
"Dodge County, GA",231153.0,14.0,19.0,20.0,32.0
"Dona Ana County, NM",2365472.0,58.0,105.0,228.0,398.0
"Dooly County, GA",154120.0,10.0,11.0,12.0,17.0
"Dorchester County, MD",355631.0,15.0,23.0,33.0,49.0
"Dorchester County, SC",1665709.0,87.0,109.0,141.0,255.0
"Dougherty County, GA",1005757.0,102.0,137.0,74.0,102.0
"Douglas County, CO",3537446.0,27.0,41.0,294.0,564.0
"Douglas County, GA",1541385.0,53.0,76.0,113.0,192.0
"Douglas County, KS",1291319.0,13.0,26.0,85.0,180.0
"Douglas County, NE",6032954.0,315.0,408.0,317.0,691.0
"Douglas County, NV",526032.0,11.0,15.0,76.0,125.0
"Douglas County, OR",1194407.0,39.0,63.0,198.0,331.0
"Douglas County, WA",449729.0,,13.0,32.0,54.0
"Douglas County, WI",480088.0,,10.0,39.0,81.0
"Drew County, AR",203626.0,16.0,22.0,19.0,30.0
"DuPage County, IL",10195190.0,110.0,166.0,311.0,998.0
"Dubuque County, IA",1058389.0,,14.0,47.0,133.0
"Dunklin County, MO",337790.0,18.0,25.0,44.0,70.0
"Duplin County, NC",651604.0,17.0,28.0,35.0,67.0
"Durham County, NC",3287550.0,298.0,366.0,129.0,289.0
"Dutchess County, NY",3253328.0,37.0,76.0,143.0,388.0
"Duval County, FL",10049990.0,1046.0,1301.0,922.0,1620.0
"Duval County, TX",125857.0,,10.0,17.0,25.0
"Dyer County, TN",415166.0,12.0,19.0,40.0,69.0
"Eagle County, CO",588721.0,,10.0,47.0,93.0
"Early County, GA",115097.0,,10.0,13.0,16.0
"East Baton Rouge Parish, LA",4878206.0,870.0,988.0,345.0,530.0
"East Feliciana Parish, LA",216046.0,24.0,31.0,16.0,22.0
"Eaton County, MI",1197980.0,15.0,25.0,103.0,187.0
"Eau Claire County, WI",1125475.0,,12.0,96.0,179.0
"Ector County, TX",1694881.0,72.0,110.0,128.0,239.0
"Eddy County, NM",621240.0,47.0,57.0,105.0,160.0
"Edgecombe County, NC",593575.0,69.0,80.0,42.0,63.0
"Edgefield County, SC",293988.0,15.0,20.0,28.0,42.0
"Effingham County, GA",636128.0,17.0,26.0,62.0,96.0
"Effingham County, IL",376672.0,,17.0,19.0,43.0
"El Dorado County, CA",2042891.0,32.0,53.0,186.0,379.0
"El Paso County, CO",7447309.0,309.0,441.0,943.0,1809.0
"El Paso County, TX",9145243.0,152.0,279.0,449.0,858.0
"Elbert County, GA",214038.0,10.0,14.0,22.0,31.0
"Elkhart County, IN",2229002.0,75.0,96.0,118.0,241.0
"Elko County, NV",569671.0,20.0,27.0,121.0,153.0
"Ellis County, TX",1833398.0,54.0,72.0,140.0,227.0
"Elmore County, AL",892171.0,51.0,71.0,117.0,161.0
"Emanuel County, GA",249323.0,19.0,25.0,25.0,31.0
"Emporia city, VA",60395.0,11.0,15.0,,
"Erie County, NY",10123669.0,454.0,631.0,320.0,1113.0
"Erie County, OH",830178.0,,23.0,71.0,116.0
"Erie County, PA",3039942.0,85.0,129.0,241.0,496.0
"Escambia County, AL",412750.0,35.0,52.0,40.0,67.0
"Escambia County, FL",3411840.0,201.0,277.0,341.0,608.0
"Essex County, MA",8490549.0,100.0,166.0,165.0,762.0
"Essex County, NJ",8744014.0,980.0,1197.0,100.0,516.0
"Estill County, KY",158138.0,,10.0,22.0,36.0
"Etowah County, AL",1136103.0,55.0,75.0,130.0,197.0
"Evangeline Parish, LA",370142.0,16.0,30.0,68.0,94.0
"Fairbanks North Star Borough, AK",1088248.0,40.0,73.0,169.0,239.0
"Fairfax County, VA",12447975.0,103.0,189.0,447.0,1101.0
"Fairfield County, CT",10333637.0,227.0,323.0,230.0,862.0
"Fairfield County, OH",1671747.0,22.0,29.0,110.0,194.0
"Fairfield County, SC",251790.0,24.0,30.0,17.0,28.0
"Fannin County, TX",377998.0,16.0,17.0,57.0,93.0
"Faulkner County, AR",1333796.0,46.0,65.0,121.0,199.0
"Fauquier County, VA",753845.0,16.0,22.0,74.0,124.0
"Fayette County, GA",1218495.0,36.0,47.0,81.0,130.0
"Fayette County, KY",3448649.0,170.0,231.0,254.0,441.0
"Fayette County, PA",1463154.0,42.0,60.0,162.0,258.0
"Fayette County, TN",435337.0,18.0,29.0,49.0,60.0
"Fayette County, TX",275408.0,,11.0,25.0,34.0
"Fayette County, WV",488665.0,20.0,33.0,56.0,86.0
"Finney County, KS",405260.0,,15.0,33.0,57.0
"Flagler County, FL",1163606.0,22.0,33.0,119.0,240.0
"Flathead County, MT",1067864.0,16.0,33.0,167.0,255.0
"Florence County, SC",1520500.0,121.0,148.0,114.0,160.0
"Floyd County, GA",1066073.0,45.0,64.0,106.0,173.0
"Floyd County, IN",843351.0,20.0,30.0,78.0,127.0
"Floyd County, KY",411988.0,16.0,25.0,67.0,83.0
"Fond du Lac County, WI",1125148.0,,10.0,94.0,175.0
"Ford County, KS",376271.0,,13.0,26.0,68.0
"Forrest County, MS",833395.0,66.0,91.0,85.0,119.0
"Forsyth County, GA",2338111.0,18.0,28.0,153.0,262.0
"Forsyth County, NC",4052364.0,194.0,244.0,263.0,484.0
"Fort Bend County, TX",7818735.0,250.0,297.0,415.0,697.0
"Franklin County, AL",347533.0,11.0,17.0,37.0,54.0
"Franklin County, GA",247442.0,,19.0,36.0,52.0
"Franklin County, IL",430120.0,,11.0,42.0,84.0
"Franklin County, KY",552354.0,23.0,31.0,42.0,77.0
"Franklin County, MO",1129442.0,23.0,42.0,147.0,254.0
"Franklin County, MS",86265.0,,11.0,14.0,15.0
"Franklin County, NC",712041.0,36.0,43.0,76.0,110.0
"Franklin County, OH",13741307.0,1069.0,1315.0,814.0,1639.0
"Franklin County, PA",1683903.0,27.0,37.0,123.0,223.0
"Franklin County, TN",456656.0,16.0,19.0,59.0,98.0
"Franklin County, VA",618864.0,27.0,35.0,66.0,97.0
"Franklin County, WA",979646.0,28.0,38.0,48.0,88.0
"Franklin Parish, LA",224019.0,19.0,22.0,22.0,28.0
"Franklin city, VA",91647.0,,12.0,,13.0
"Frederick County, MD",2720087.0,31.0,61.0,150.0,304.0
"Frederick County, VA",924875.0,,15.0,91.0,157.0
"Fredericksburg city, VA",306213.0,,12.0,27.0,44.0
"Fremont County, CO",519336.0,15.0,26.0,93.0,166.0
"Fremont County, WY",441982.0,15.0,53.0,90.0,137.0
"Fresno County, CA",10680945.0,595.0,787.0,404.0,1063.0
"Frio County, TX",206765.0,,12.0,12.0,22.0
"Fulton County, GA",11095339.0,1127.0,1373.0,612.0,1219.0
"Gadsden County, FL",506487.0,36.0,51.0,47.0,69.0
"Gaines County, TX",217844.0,,10.0,13.0,24.0
"Gallatin County, MT",1121699.0,12.0,15.0,153.0,225.0
"Gallia County, OH",333439.0,,19.0,48.0,79.0
"Galveston County, TX",3520330.0,151.0,218.0,330.0,530.0
"Garfield County, CO",640672.0,,13.0,79.0,140.0
"Garfield County, OK",678388.0,16.0,27.0,77.0,127.0
"Garland County, AR",1076187.0,77.0,111.0,171.0,310.0
"Garvin County, OK",303935.0,10.0,13.0,39.0,74.0
"Gaston County, NC",2366245.0,87.0,123.0,233.0,389.0
"Geary County, KS",384748.0,19.0,25.0,55.0,86.0
"Geauga County, OH",1031595.0,11.0,15.0,74.0,142.0
"Genesee County, MI",4538897.0,509.0,621.0,347.0,629.0
"Geneva County, AL",292749.0,10.0,15.0,32.0,47.0
"George County, MS",259196.0,14.0,19.0,20.0,32.0
"Georgetown County, SC",674137.0,35.0,50.0,69.0,99.0
"Gibson County, IN",369827.0,,10.0,47.0,78.0
"Gibson County, TN",543421.0,28.0,43.0,66.0,98.0
"Gila County, AZ",588483.0,25.0,48.0,113.0,196.0
"Gilchrist County, FL",192563.0,12.0,16.0,30.0,42.0
"Giles County, TN",321694.0,,11.0,60.0,85.0
"Giles County, VA",185707.0,10.0,12.0,22.0,34.0
"Gillespie County, TX",285863.0,,11.0,44.0,59.0
"Gilmer County, GA",326184.0,,10.0,59.0,78.0
"Glacier County, MT",150244.0,,13.0,15.0,34.0
"Glenn County, CA",309056.0,11.0,16.0,33.0,57.0
"Gloucester County, NJ",3200498.0,43.0,82.0,103.0,338.0
"Gloucester County, VA",408425.0,11.0,15.0,52.0,82.0
"Glynn County, GA",914159.0,46.0,71.0,94.0,148.0
"Gordon County, GA",623372.0,17.0,24.0,58.0,99.0
"Grady County, GA",275047.0,19.0,26.0,29.0,40.0
"Grady County, OK",597645.0,23.0,31.0,73.0,112.0
"Grafton County, NH",984466.0,11.0,19.0,88.0,163.0
"Graham County, AZ",416073.0,,19.0,42.0,72.0
"Grainger County, TN",252787.0,,10.0,29.0,53.0
"Grand Forks County, ND",762744.0,15.0,20.0,60.0,109.0
"Grand Traverse County, MI",999996.0,,20.0,69.0,159.0
"Grant County, AR",199241.0,,13.0,24.0,36.0
"Grant County, IN",745216.0,29.0,40.0,65.0,114.0
"Grant County, NM",312633.0,17.0,24.0,58.0,103.0
"Grant County, WA",1033537.0,35.0,41.0,79.0,132.0
"Grant Parish, LA",245091.0,,15.0,35.0,45.0
"Granville County, NC",655409.0,17.0,28.0,64.0,91.0
"Graves County, KY",410378.0,21.0,28.0,59.0,76.0
"Gray County, TX",248133.0,,10.0,35.0,46.0
"Grays Harbor County, WA",799290.0,17.0,35.0,90.0,167.0
"Grayson County, KY",287849.0,13.0,15.0,56.0,78.0
"Grayson County, TX",1403481.0,40.0,67.0,162.0,265.0
"Greenbrier County, WV",388043.0,11.0,19.0,55.0,88.0
"Greene County, AR",484858.0,20.0,27.0,81.0,119.0
"Greene County, IN",357467.0,,14.0,47.0,60.0
"Greene County, MO",3149322.0,107.0,166.0,319.0,604.0
"Greene County, MS",152543.0,,12.0,10.0,13.0
"Greene County, NC",232998.0,16.0,22.0,,21.0
"Greene County, OH",1818028.0,26.0,39.0,125.0,226.0
"Greene County, PA",410921.0,,11.0,41.0,63.0
"Greene County, TN",757321.0,15.0,29.0,93.0,148.0
"Greenville County, SC",5404854.0,248.0,342.0,504.0,868.0
"Greenwood County, SC",771447.0,50.0,62.0,72.0,112.0
"Gregg County, TX",1356798.0,110.0,139.0,145.0,211.0
"Grenada County, MS",234935.0,42.0,52.0,20.0,33.0
"Grimes County, TX",304424.0,12.0,16.0,37.0,54.0
"Grundy County, TN",148270.0,12.0,16.0,22.0,33.0
"Guadalupe County, TX",1664886.0,38.0,50.0,132.0,219.0
"Guernsey County, OH",433147.0,10.0,16.0,43.0,81.0
"Guilford County, NC",5680541.0,373.0,466.0,341.0,625.0
"Gulf County, FL",170556.0,,11.0,25.0,38.0
"Gwinnett County, GA",9739410.0,312.0,419.0,581.0,1064.0
"Habersham County, GA",486464.0,10.0,17.0,42.0,73.0
"Hale County, AL",166038.0,13.0,16.0,16.0,17.0
"Hale County, TX",382387.0,,10.0,29.0,51.0
"Halifax County, NC",574888.0,71.0,83.0,46.0,71.0
"Halifax County, VA",385091.0,18.0,25.0,43.0,58.0
"Hall County, GA",2129345.0,50.0,79.0,192.0,311.0
"Hall County, NE",669533.0,,11.0,42.0,86.0
"Hamblen County, TN",700539.0,11.0,20.0,89.0,163.0
"Hamilton County, FL",158679.0,14.0,20.0,19.0,25.0
"Hamilton County, IN",3408342.0,30.0,40.0,178.0,356.0
"Hamilton County, OH",8898586.0,756.0,903.0,550.0,1121.0
"Hamilton County, TN",3899957.0,267.0,338.0,327.0,555.0
"Hampden County, MA",5138415.0,180.0,245.0,150.0,536.0
"Hampshire County, MA",1764760.0,,13.0,50.0,170.0
"Hampton County, SC",219649.0,30.0,38.0,16.0,23.0
"Hampton city, VA",1495071.0,148.0,172.0,88.0,162.0
"Hancock County, GA",96264.0,,11.0,,11.0
"Hancock County, IN",810311.0,10.0,14.0,72.0,127.0
"Hancock County, ME",601556.0,,11.0,63.0,106.0
"Hancock County, MS",508578.0,25.0,34.0,61.0,104.0
"Hancock County, OH",830938.0,10.0,19.0,51.0,107.0
"Hancock County, WV",327283.0,,11.0,34.0,59.0
"Hanover County, VA",1140930.0,19.0,29.0,118.0,190.0
"Haralson County, GA",319814.0,16.0,22.0,48.0,73.0
"Hardee County, FL",301397.0,10.0,17.0,23.0,38.0
"Hardeman County, TN",284586.0,26.0,32.0,22.0,38.0
"Hardin County, KY",1190930.0,39.0,62.0,107.0,190.0
"Hardin County, TN",284046.0,13.0,20.0,49.0,72.0
"Hardin County, TX",618549.0,25.0,36.0,76.0,115.0
"Harford County, MD",2758941.0,59.0,101.0,167.0,344.0
"Harlan County, KY",303112.0,,14.0,38.0,50.0
"Harnett County, NC",1406745.0,76.0,105.0,118.0,185.0
"Harris County, TX",49236409.0,3421.0,4375.0,2844.0,5085.0
"Harrison County, IN",437145.0,,13.0,57.0,69.0
"Harrison County, MS",2200934.0,128.0,177.0,249.0,439.0
"Harrison County, TX",733205.0,42.0,59.0,79.0,122.0
"Harrison County, WV",752014.0,23.0,36.0,91.0,148.0
"Harrisonburg city, VA",573825.0,10.0,12.0,23.0,50.0
"Hartford County, CT",9839496.0,279.0,406.0,262.0,1019.0
"Harvey County, KS",381403.0,10.0,14.0,24.0,48.0
"Hawaii County, HI",2147113.0,35.0,69.0,99.0,418.0
"Hawkins County, TN",623210.0,21.0,27.0,73.0,111.0
"Hays County, TX",2159079.0,41.0,73.0,155.0,269.0
"Haywood County, NC",664347.0,16.0,26.0,85.0,132.0
"Haywood County, TN",196996.0,14.0,17.0,16.0,20.0
"Hempstead County, AR",242769.0,14.0,19.0,16.0,23.0
"Henderson County, KY",506112.0,11.0,15.0,59.0,93.0
"Henderson County, NC",1238804.0,20.0,31.0,159.0,248.0
"Henderson County, TN",307389.0,11.0,11.0,27.0,46.0
"Henderson County, TX",883755.0,33.0,42.0,143.0,197.0
"Hendricks County, IN",1746854.0,19.0,30.0,135.0,237.0
"Hendry County, FL",436799.0,35.0,50.0,32.0,50.0
"Hennepin County, MN",13417609.0,388.0,536.0,545.0,1507.0
"Henrico County, VA",3546246.0,160.0,193.0,225.0,427.0
"Henry County, AL",189656.0,10.0,15.0,23.0,32.0
"Henry County, GA",2414572.0,142.0,166.0,201.0,308.0
"Henry County, IL",544975.0,,12.0,27.0,72.0
"Henry County, IN",536368.0,10.0,18.0,66.0,100.0
"Henry County, TN",355103.0,16.0,25.0,72.0,114.0
"Henry County, VA",571931.0,35.0,43.0,91.0,125.0
"Herkimer County, NY",693162.0,,13.0,43.0,90.0
"Hernando County, FL",2000994.0,51.0,83.0,238.0,403.0
"Hertford County, NC",264949.0,27.0,30.0,24.0,30.0
"Hidalgo County, TX",9188854.0,207.0,315.0,239.0,534.0
"Highland County, OH",474913.0,10.0,34.0,44.0,82.0
"Highlands County, FL",1112971.0,46.0,65.0,147.0,255.0
"Hill County, TX",391060.0,15.0,16.0,56.0,83.0
"Hillsborough County, FL",14923290.0,583.0,812.0,1045.0,2008.0
"Hillsborough County, NH",4489651.0,41.0,75.0,366.0,775.0
"Hinds County, MS",2651248.0,645.0,734.0,165.0,252.0
"Hocking County, OH",315486.0,12.0,18.0,39.0,63.0
"Hockley County, TX",254724.0,12.0,17.0,19.0,44.0
"Hoke County, NC",575570.0,52.0,63.0,44.0,68.0
"Holmes County, FL",216028.0,,12.0,31.0,49.0
"Holmes County, MS",199135.0,48.0,57.0,15.0,20.0
"Honolulu County, HI",10766841.0,63.0,233.0,198.0,1255.0
"Hood County, TX",617982.0,13.0,18.0,86.0,122.0
"Hopewell city, VA",247112.0,27.0,41.0,30.0,51.0
"Hopkins County, KY",505646.0,,11.0,79.0,115.0
"Hopkins County, TX",397670.0,13.0,19.0,55.0,70.0
"Horry County, SC",3444884.0,194.0,238.0,379.0,577.0
"Hot Spring County, AR",367699.0,22.0,30.0,50.0,92.0
"Houston County, AL",1144938.0,56.0,73.0,113.0,162.0
"Houston County, GA",1655806.0,58.0,81.0,170.0,239.0
"Houston County, TX",253561.0,11.0,14.0,30.0,46.0
"Howard County, AR",148298.0,,11.0,18.0,23.0
"Howard County, IN",909272.0,30.0,48.0,71.0,138.0
"Howard County, MD",3422367.0,47.0,83.0,88.0,280.0
"Howard County, TX",397957.0,22.0,29.0,49.0,82.0
"Howell County, MO",443145.0,14.0,28.0,78.0,113.0
"Hubbard County, MN",229306.0,,12.0,22.0,38.0
"Hudson County, NJ",7321769.0,174.0,291.0,79.0,484.0
"Hughes County, OK",149654.0,11.0,18.0,23.0,36.0
"Humboldt County, CA",1489548.0,56.0,97.0,160.0,366.0
"Humboldt County, NV",186219.0,,12.0,40.0,58.0
"Humphreys County, MS",95211.0,12.0,15.0,,
"Humphreys County, TN",202285.0,,11.0,32.0,43.0
"Hunt County, TX",1005963.0,33.0,50.0,108.0,162.0
"Hunterdon County, NJ",1384859.0,,10.0,55.0,153.0
"Huron County, OH",646156.0,,13.0,59.0,105.0
"Hutchinson County, TX",237229.0,,14.0,27.0,45.0
"Iberia Parish, LA",797744.0,67.0,88.0,64.0,102.0
"Iberville Parish, LA",362883.0,28.0,32.0,21.0,34.0
"Imperial County, CA",1971421.0,35.0,65.0,59.0,145.0
"Independence County, AR",409473.0,13.0,20.0,52.0,73.0
"Indian River County, FL",1637957.0,51.0,75.0,166.0,290.0
"Indiana County, PA",952368.0,14.0,25.0,76.0,132.0
"Ingham County, MI",3151119.0,99.0,155.0,174.0,390.0
"Ionia County, MI",706398.0,,14.0,58.0,107.0
"Iredell County, NC",1879043.0,41.0,60.0,161.0,270.0
"Iron County, UT",547436.0,,16.0,71.0,117.0
"Island County, WA",896733.0,,14.0,90.0,159.0
"Isle of Wight County, VA",398937.0,11.0,14.0,41.0,61.0
"Itawamba County, MS",257848.0,,10.0,29.0,39.0
"Jackson County, AL",576563.0,17.0,23.0,100.0,127.0
"Jackson County, AR",190472.0,14.0,19.0,19.0,36.0
"Jackson County, FL",531691.0,31.0,44.0,43.0,83.0
"Jackson County, GA",720319.0,14.0,17.0,97.0,140.0
"Jackson County, IL",647505.0,13.0,16.0,47.0,81.0
"Jackson County, IN",480126.0,,13.0,39.0,77.0
"Jackson County, KY",147246.0,12.0,15.0,21.0,25.0
"Jackson County, MI",1751262.0,55.0,86.0,149.0,276.0
"Jackson County, MO",7578644.0,1252.0,1443.0,704.0,1374.0
"Jackson County, MS",1556968.0,64.0,88.0,163.0,252.0
"Jackson County, NC",460681.0,13.0,16.0,46.0,77.0
"Jackson County, OH",359736.0,11.0,15.0,55.0,76.0
"Jackson County, OK",281196.0,,13.0,25.0,46.0
"Jackson County, OR",2342197.0,47.0,75.0,329.0,587.0
"Jackson County, WV",319090.0,10.0,13.0,30.0,43.0
"Jackson Parish, LA",175651.0,10.0,10.0,17.0,22.0
"James City County, VA",800882.0,14.0,19.0,53.0,103.0
"Jasper County, IN",367936.0,,12.0,34.0,52.0
"Jasper County, MO",1306574.0,33.0,54.0,151.0,269.0
"Jasper County, MS",182305.0,10.0,15.0,20.0,22.0
"Jasper County, SC",304983.0,56.0,65.0,26.0,44.0
"Jasper County, TX",392621.0,11.0,19.0,49.0,66.0
"Jeff Davis County, GA",165428.0,,10.0,15.0,20.0
"Jefferson County, AL",7249978.0,1192.0,1390.0,635.0,961.0
"Jefferson County, AR",784903.0,190.0,216.0,72.0,110.0
"Jefferson County, CO",6188457.0,91.0,152.0,579.0,1207.0
"Jefferson County, GA",176358.0,,13.0,18.0,22.0
"Jefferson County, IL",421169.0,11.0,18.0,31.0,68.0
"Jefferson County, KY",8360547.0,822.0,989.0,731.0,1347.0
"Jefferson County, MO",2450665.0,51.0,78.0,337.0,537.0
"Jefferson County, MS",81356.0,11.0,13.0,,
"Jefferson County, NY",1268520.0,,24.0,79.0,178.0
"Jefferson County, OH",739025.0,35.0,43.0,97.0,132.0
"Jefferson County, OR",251787.0,14.0,22.0,24.0,53.0
"Jefferson County, TN",584457.0,11.0,20.0,58.0,95.0
"Jefferson County, TX",2783460.0,219.0,295.0,210.0,373.0
"Jefferson County, WV",613644.0,12.0,17.0,52.0,82.0
"Jefferson Davis County, MS",128023.0,29.0,31.0,15.0,19.0
"Jefferson Davis Parish, LA",345985.0,29.0,41.0,28.0,40.0
"Jefferson Parish, LA",4780075.0,584.0,679.0,382.0,653.0
"Jessamine County, KY",568040.0,17.0,21.0,53.0,75.0
"Jim Wells County, TX",452122.0,26.0,40.0,36.0,73.0
"Johnson County, AR",287736.0,,14.0,27.0,50.0
"Johnson County, IA",1577827.0,11.0,17.0,62.0,174.0
"Johnson County, IN",1648085.0,24.0,37.0,128.0,213.0
"Johnson County, KS",6361252.0,93.0,129.0,446.0,947.0
"Johnson County, KY",252169.0,11.0,15.0,34.0,39.0
"Johnson County, MO",593088.0,14.0,16.0,65.0,99.0
"Johnson County, TX",1786590.0,34.0,55.0,180.0,268.0
"Johnston County, NC",2077879.0,62.0,86.0,155.0,262.0
"Johnston County, OK",121177.0,,13.0,27.0,35.0
"Jones County, GA",314843.0,,11.0,41.0,54.0
"Jones County, MS",750378.0,38.0,51.0,80.0,112.0
"Jones County, TX",219853.0,,10.0,32.0,56.0
"Josephine County, OR",935469.0,37.0,51.0,173.0,262.0
"Juneau Borough, AK",354315.0,,14.0,38.0,67.0
"Kalamazoo County, MI",2853354.0,83.0,127.0,170.0,375.0
"Kanawha County, WV",2051752.0,119.0,171.0,267.0,446.0
"Kane County, IL",5803834.0,101.0,146.0,169.0,501.0
"Kankakee County, IL",1222654.0,59.0,85.0,49.0,129.0
"Kauai County, HI",775413.0,,16.0,38.0,149.0
"Kaufman County, TX",1299162.0,58.0,66.0,124.0,189.0
"Kay County, OK",495489.0,16.0,28.0,67.0,117.0
"Kenai Peninsula Borough, AK",635054.0,18.0,24.0,122.0,176.0
"Kendall County, IL",1351981.0,24.0,32.0,39.0,124.0
"Kendall County, TX",449338.0,,12.0,47.0,68.0
"Kennebec County, ME",1337925.0,13.0,25.0,128.0,234.0
"Kenosha County, WI",1851143.0,36.0,60.0,115.0,269.0
"Kent County, DE",1904336.0,65.0,97.0,117.0,247.0
"Kent County, MI",6973059.0,174.0,253.0,294.0,742.0
"Kent County, RI",1812673.0,11.0,16.0,61.0,227.0
"Kenton County, KY",1805265.0,43.0,61.0,138.0,255.0
"Kern County, CA",9644623.0,674.0,948.0,537.0,1230.0
"Kerr County, TX",561762.0,,25.0,94.0,138.0
"Kershaw County, SC",704341.0,24.0,33.0,82.0,125.0
"King County, WA",23248831.0,465.0,678.0,1190.0,2939.0
"Kings County, CA",1667189.0,55.0,101.0,60.0,178.0
"Kings County, NY",28413245.0,1080.0,1623.0,194.0,1469.0
"Kitsap County, WA",2874329.0,27.0,61.0,249.0,480.0
"Kittitas County, WA",487346.0,,10.0,47.0,83.0
"Klamath County, OR",733980.0,32.0,44.0,137.0,210.0
"Kleberg County, TX",347355.0,,17.0,14.0,25.0
"Knott County, KY",171599.0,12.0,14.0,31.0,36.0
"Knox County, IL",564111.0,,13.0,36.0,91.0
"Knox County, IN",414144.0,11.0,14.0,39.0,70.0
"Knox County, KY",347209.0,15.0,23.0,33.0,47.0
"Knox County, OH",674652.0,12.0,21.0,48.0,79.0
"Knox County, TN",4984259.0,209.0,277.0,480.0,831.0
"Kootenai County, ID",1673698.0,21.0,37.0,215.0,362.0
"Kosciusko County, IN",863536.0,,15.0,70.0,107.0
"La Crosse County, WI",1290751.0,12.0,23.0,91.0,218.0
"La Paz County, AZ",226500.0,10.0,26.0,57.0,69.0
"La Plata County, CO",597920.0,14.0,23.0,79.0,129.0
"La Porte County, IN",1217298.0,37.0,58.0,121.0,207.0
"La Salle County, IL",1221551.0,,19.0,68.0,202.0
"Labette County, KS",226838.0,,11.0,28.0,43.0
"Lackawanna County, PA",2333185.0,19.0,45.0,204.0,389.0
"Laclede County, MO",391467.0,11.0,20.0,57.0,88.0
"Lafayette County, MO",361573.0,,11.0,35.0,60.0
"Lafayette County, MS",574110.0,19.0,26.0,41.0,58.0
"Lafayette Parish, LA",2597183.0,157.0,192.0,253.0,361.0
"Lafourche Parish, LA",1073555.0,53.0,68.0,118.0,185.0
"Lake County, CA",707215.0,43.0,67.0,96.0,199.0
"Lake County, FL",3631374.0,110.0,147.0,402.0,662.0
"Lake County, IL",7721446.0,124.0,218.0,259.0,756.0
"Lake County, IN",5383656.0,683.0,837.0,372.0,686.0
"Lake County, MT",325977.0,,20.0,68.0,105.0
"Lake County, OH",2526803.0,23.0,52.0,194.0,391.0
"Lamar County, MS",662627.0,29.0,41.0,60.0,86.0
"Lamar County, TX",546937.0,25.0,33.0,64.0,100.0
"Lamb County, TX",148132.0,,10.0,12.0,21.0
"Lancaster County, NE",3354920.0,45.0,67.0,192.0,424.0
"Lancaster County, PA",5886282.0,73.0,121.0,341.0,648.0
"Lancaster County, SC",959571.0,79.0,103.0,92.0,136.0
"Lane County, OR",4026048.0,54.0,114.0,486.0,891.0
"Laramie County, WY",1063754.0,27.0,37.0,164.0,281.0
"Larimer County, CO",3641143.0,32.0,54.0,396.0,771.0
"Las Animas County, CO",159815.0,,14.0,35.0,52.0
"Lassen County, CA",351434.0,,24.0,41.0,84.0
"Lauderdale County, AL",1019861.0,39.0,55.0,96.0,146.0
"Lauderdale County, MS",856576.0,111.0,141.0,60.0,89.0
"Lauderdale County, TN",294350.0,25.0,31.0,28.0,45.0
"Laurel County, KY",660482.0,34.0,45.0,82.0,109.0
"Laurens County, GA",525234.0,45.0,53.0,50.0,71.0
"Laurens County, SC",734668.0,37.0,50.0,95.0,136.0
"Lawrence County, AL",367504.0,14.0,18.0,58.0,78.0
"Lawrence County, MO",421853.0,,10.0,50.0,69.0
"Lawrence County, MS",138718.0,13.0,15.0,15.0,20.0
"Lawrence County, OH",671238.0,20.0,30.0,69.0,96.0
"Lawrence County, PA",968842.0,40.0,52.0,104.0,159.0
"Lawrence County, TN",471683.0,18.0,24.0,63.0,91.0
"Le Flore County, OK",549397.0,24.0,36.0,77.0,112.0
"Lea County, NM",756748.0,59.0,82.0,71.0,127.0
"Leake County, MS",253644.0,28.0,32.0,23.0,35.0
"Leavenworth County, KS",874094.0,26.0,36.0,85.0,158.0
"Lebanon County, PA",1515429.0,24.0,30.0,121.0,205.0
"Lee County, AL",1709062.0,111.0,130.0,141.0,209.0
"Lee County, AR",105332.0,13.0,20.0,,22.0
"Lee County, FL",7715501.0,324.0,420.0,674.0,1315.0
"Lee County, GA",321880.0,,11.0,47.0,64.0
"Lee County, IA",383259.0,,10.0,37.0,75.0
"Lee County, KY",79870.0,,12.0,13.0,15.0
"Lee County, MS",934412.0,73.0,82.0,63.0,100.0
"Lee County, NC",661551.0,46.0,59.0,56.0,79.0
"Lee County, SC",197092.0,19.0,26.0,19.0,28.0
"Lee County, VA",269224.0,,15.0,41.0,55.0
"Leflore County, MS",333189.0,74.0,88.0,20.0,26.0
"Lehigh County, PA",3969150.0,100.0,157.0,280.0,592.0
"Lenawee County, MI",1086779.0,11.0,23.0,75.0,148.0
"Lenoir County, NC",635401.0,62.0,77.0,48.0,77.0
"Leon County, FL",3148990.0,136.0,189.0,236.0,387.0
"Leon County, TX",187918.0,,11.0,26.0,42.0
"Leslie County, KY",116890.0,10.0,11.0,16.0,20.0
"Letcher County, KY",252795.0,13.0,15.0,41.0,49.0
"Levy County, FL",444874.0,12.0,21.0,61.0,98.0
"Lewis County, TN",132576.0,,11.0,34.0,43.0
"Lewis County, WA",850754.0,20.0,32.0,101.0,163.0
"Lewis County, WV",178744.0,,10.0,28.0,37.0
"Lewis and Clark County, MT",733617.0,13.0,20.0,110.0,168.0
"Lexington County, SC",3107965.0,133.0,188.0,339.0,520.0
"Liberty County, GA",696067.0,44.0,63.0,71.0,123.0
"Liberty County, TX",894549.0,45.0,57.0,100.0,155.0
"Licking County, OH",1885989.0,37.0,55.0,170.0,303.0
"Limestone County, AL",1011572.0,43.0,53.0,97.0,138.0
"Limestone County, TX",258064.0,,13.0,40.0,50.0
"Lincoln County, AR",150764.0,,16.0,10.0,20.0
"Lincoln County, KY",269699.0,,14.0,27.0,48.0
"Lincoln County, MO",610069.0,11.0,22.0,91.0,129.0
"Lincoln County, MS",380056.0,52.0,62.0,41.0,57.0
"Lincoln County, MT",215197.0,,12.0,57.0,72.0
"Lincoln County, NC",898663.0,16.0,28.0,83.0,133.0
"Lincoln County, NM",218382.0,,13.0,51.0,64.0
"Lincoln County, OK",381742.0,17.0,27.0,50.0,70.0
"Lincoln County, OR",524571.0,10.0,15.0,91.0,172.0
"Lincoln County, TN",371727.0,,14.0,40.0,78.0
"Lincoln Parish, LA",519328.0,19.0,27.0,36.0,53.0
"Linn County, IA",2420419.0,50.0,79.0,161.0,371.0
"Linn County, OR",1347856.0,19.0,36.0,126.0,253.0
"Litchfield County, CT",2027568.0,16.0,29.0,103.0,282.0
"Livingston County, IL",409109.0,14.0,15.0,20.0,56.0
"Livingston County, MI",2056711.0,,18.0,152.0,309.0
"Livingston Parish, LA",1500270.0,70.0,95.0,189.0,271.0
"Logan County, AR",240507.0,,11.0,32.0,59.0
"Logan County, CO",244695.0,,15.0,30.0,48.0
"Logan County, KY",296086.0,,10.0,33.0,45.0
"Logan County, OH",500240.0,,14.0,42.0,93.0
"Logan County, OK",501158.0,11.0,22.0,53.0,85.0
"Logan County, WV",378349.0,19.0,31.0,38.0,68.0
"Lonoke County, AR",787504.0,24.0,38.0,85.0,142.0
"Lorain County, OH",3362393.0,92.0,128.0,232.0,498.0
"Los Angeles County, CA",110363608.0,4898.0,6519.0,3132.0,9172.0
"Loudon County, TN",565573.0,10.0,12.0,41.0,86.0
"Loudoun County, VA",4090169.0,20.0,33.0,201.0,414.0
"Louisa County, VA",386470.0,17.0,17.0,48.0,64.0
"Lowndes County, AL",114819.0,29.0,33.0,11.0,12.0
"Lowndes County, GA",1257086.0,62.0,85.0,91.0,144.0
"Lowndes County, MS",653104.0,52.0,58.0,55.0,82.0
"Lubbock County, TX",3272367.0,116.0,186.0,274.0,509.0
"Lucas County, OH",4775102.0,297.0,392.0,329.0,670.0
"Lumpkin County, GA",349179.0,,10.0,60.0,84.0
"Luna County, NM",269372.0,13.0,17.0,49.0,65.0
"Luzerne County, PA",3505748.0,81.0,132.0,345.0,635.0
"Lycoming County, PA",1268597.0,25.0,86.0,101.0,199.0
"Lynchburg city, VA",873120.0,28.0,38.0,53.0,102.0
"Lyon County, NV",590047.0,24.0,32.0,115.0,171.0
"Macomb County, MI",9468854.0,278.0,397.0,643.0,1389.0
"Macon County, AL",213507.0,66.0,73.0,14.0,20.0
"Macon County, GA",150407.0,10.0,21.0,13.0,20.0
"Macon County, IL",1180638.0,64.0,90.0,60.0,137.0
"Macon County, NC",380043.0,12.0,16.0,53.0,78.0
"Macon County, TN",257335.0,11.0,13.0,41.0,65.0
"Macoupin County, IL",508221.0,,13.0,39.0,72.0
"Madera County, CA",1702290.0,70.0,107.0,95.0,220.0
"Madison County, AL",3905176.0,204.0,281.0,403.0,627.0
"Madison County, FL",205302.0,12.0,16.0,15.0,25.0
"Madison County, IL",2926867.0,83.0,119.0,193.0,442.0
"Madison County, IN",1431178.0,41.0,62.0,137.0,274.0
"Madison County, KY",973037.0,20.0,39.0,92.0,142.0
"Madison County, MS",1124682.0,80.0,99.0,95.0,133.0
"Madison County, TN",1078981.0,98.0,130.0,78.0,136.0
"Madison Parish, LA",127126.0,22.0,25.0,,13.0
"Mahoning County, OH",2554415.0,220.0,266.0,193.0,352.0
"Malheur County, OR",337427.0,,16.0,34.0,58.0
"Manassas city, VA",449855.0,,12.0,22.0,43.0
"Manatee County, FL",4011877.0,180.0,230.0,383.0,720.0
"Manitowoc County, WI",879232.0,10.0,17.0,73.0,158.0
"Marathon County, WI",1488310.0,10.0,19.0,101.0,208.0
"Marengo County, AL",218123.0,20.0,23.0,21.0,26.0
"Maricopa County, AZ",45929429.0,1964.0,2645.0,4164.0,7285.0
"Marin County, CA",2841275.0,28.0,49.0,135.0,443.0
"Marion County, AL",331545.0,10.0,14.0,48.0,66.0
"Marion County, FL",3821177.0,193.0,260.0,493.0,810.0
"Marion County, IL",421110.0,,17.0,43.0,101.0
"Marion County, IN",10311956.0,1415.0,1673.0,789.0,1505.0
"Marion County, KY",215900.0,13.0,15.0,22.0,38.0
"Marion County, MS",281999.0,31.0,43.0,27.0,36.0
"Marion County, OH",721163.0,,20.0,65.0,113.0
"Marion County, OR",3656108.0,66.0,96.0,293.0,566.0
"Marion County, SC",348990.0,35.0,46.0,34.0,45.0
"Marion County, TN",313296.0,,14.0,37.0,56.0
"Marion County, TX",111874.0,,11.0,17.0,29.0
"Marion County, WV",621284.0,23.0,27.0,68.0,100.0
"Marlboro County, SC",300875.0,40.0,57.0,27.0,43.0
"Marquette County, MI",737254.0,,14.0,71.0,130.0
"Marshall County, AL",1046660.0,23.0,37.0,116.0,175.0
"Marshall County, IA",444536.0,,10.0,30.0,49.0
"Marshall County, IN",513866.0,,11.0,43.0,81.0
"Marshall County, KY",343462.0,,10.0,57.0,89.0
"Marshall County, MS",396673.0,45.0,53.0,40.0,62.0
"Marshall County, TN",354252.0,,15.0,47.0,69.0
"Martin County, FL",1706192.0,35.0,54.0,175.0,333.0
"Martin County, KY",132917.0,,10.0,12.0,16.0
"Martin County, NC",256406.0,10.0,17.0,24.0,33.0
"Martinsville city, VA",146622.0,17.0,20.0,19.0,27.0
"Mason County, WA",691188.0,23.0,34.0,92.0,153.0
"Mason County, WV",296175.0,12.0,13.0,35.0,46.0
"Matagorda County, TX",403886.0,22.0,32.0,40.0,62.0
"Matanuska-Susitna Borough, AK",1106072.0,55.0,70.0,172.0,237.0
"Maui County, HI",1791764.0,,28.0,61.0,315.0
"Maury County, TN",973949.0,40.0,52.0,102.0,153.0
"Maverick County, TX",627175.0,11.0,18.0,14.0,33.0
"Mayes County, OK",451523.0,14.0,19.0,71.0,108.0
"McClain County, OK",417076.0,,14.0,54.0,82.0
"McCormick County, SC",107201.0,,10.0,11.0,17.0
"McCracken County, KY",719640.0,14.0,30.0,94.0,162.0
"McCurtain County, OK",362649.0,29.0,40.0,62.0,91.0
"McDonald County, MO",251200.0,,11.0,26.0,42.0
"McDowell County, NC",497292.0,25.0,27.0,61.0,88.0
"McDowell County, WV",216687.0,24.0,37.0,49.0,75.0
"McDuffie County, GA",236679.0,25.0,29.0,28.0,34.0
"McHenry County, IL",3386242.0,19.0,36.0,147.0,391.0
"McIntosh County, GA",155670.0,,11.0,14.0,24.0
"McIntosh County, OK",220370.0,12.0,16.0,32.0,50.0
"McKinley County, NM",804254.0,35.0,126.0,39.0,219.0
"McLean County, IL",1894592.0,21.0,40.0,75.0,223.0
"McLennan County, TX",2712923.0,92.0,130.0,203.0,349.0
"McMinn County, TN",581810.0,22.0,35.0,68.0,111.0
"Meade County, KY",315857.0,11.0,13.0,35.0,60.0
"Meade County, SD",299096.0,,10.0,44.0,68.0
"Mecklenburg County, NC",11335492.0,685.0,841.0,535.0,1106.0
"Mecklenburg County, VA",344291.0,17.0,21.0,37.0,57.0
"Medina County, OH",1942013.0,16.0,25.0,130.0,252.0
"Medina County, TX",537060.0,16.0,21.0,41.0,65.0
"Meigs County, OH",256023.0,,10.0,40.0,59.0
"Meigs County, TN",131701.0,,10.0,15.0,27.0
"Mendocino County, CA",961594.0,28.0,56.0,113.0,224.0
"Merced County, CA",2949074.0,179.0,240.0,94.0,288.0
"Mercer County, NJ",4065464.0,240.0,304.0,72.0,305.0
"Mercer County, PA",1246126.0,30.0,42.0,119.0,198.0
"Mercer County, WV",668553.0,38.0,56.0,107.0,159.0
"Meriwether County, GA",234024.0,23.0,28.0,20.0,31.0
"Merrimack County, NH",1634742.0,,18.0,123.0,297.0
"Mesa County, CO",1650695.0,48.0,80.0,270.0,473.0
"Miami County, KS",365000.0,,11.0,41.0,70.0
"Miami County, OH",1150512.0,,16.0,88.0,158.0
"Miami-Dade County, FL",29265968.0,2004.0,2433.0,1150.0,2703.0
"Middlesex County, CT",1805403.0,14.0,28.0,70.0,237.0
"Middlesex County, MA",17295240.0,82.0,188.0,236.0,1472.0
"Middlesex County, NJ",9110586.0,95.0,162.0,137.0,672.0
"Midland County, MI",919171.0,,11.0,63.0,108.0
"Midland County, TX",1747087.0,60.0,82.0,171.0,264.0
"Milam County, TX",271135.0,,12.0,26.0,48.0
"Miller County, AR",479390.0,25.0,36.0,57.0,79.0
"Milwaukee County, WI",10468112.0,1146.0,1409.0,535.0,1234.0
"Mingo County, WV",275347.0,13.0,21.0,26.0,46.0
"Minnehaha County, SD",2022579.0,30.0,72.0,160.0,360.0
"Mississippi County, AR",477696.0,100.0,112.0,40.0,74.0
"Mississippi County, MO",152128.0,15.0,18.0,14.0,21.0
"Missoula County, MT",1262678.0,18.0,33.0,190.0,298.0
"Mitchell County, GA",248902.0,16.0,19.0,19.0,30.0
"Mobile County, AL",4552576.0,572.0,683.0,436.0,691.0
"Modoc County, CA",99700.0,10.0,14.0,10.0,21.0
"Mohave County, AZ",2268385.0,71.0,121.0,481.0,784.0
"Monmouth County, NJ",6889177.0,60.0,115.0,139.0,618.0
"Monongalia County, WV",1133525.0,22.0,26.0,91.0,135.0
"Monroe County, AL",239402.0,22.0,30.0,22.0,29.0
"Monroe County, AR",81154.0,,12.0,12.0,13.0
"Monroe County, FL",831986.0,16.0,38.0,133.0,246.0
"Monroe County, GA",298383.0,15.0,21.0,51.0,58.0
"Monroe County, IN",1584773.0,26.0,43.0,97.0,215.0
"Monroe County, KY",117937.0,,10.0,12.0,15.0
"Monroe County, MI",1654761.0,11.0,25.0,141.0,255.0
"Monroe County, MS",395666.0,16.0,27.0,48.0,62.0
"Monroe County, NY",8207358.0,319.0,480.0,251.0,813.0
"Monroe County, PA",1852457.0,41.0,58.0,163.0,296.0
"Monroe County, TN",503092.0,13.0,19.0,61.0,98.0
"Monroe County, WI",501183.0,,11.0,35.0,68.0
"Monroe County, WV",147626.0,,11.0,18.0,20.0
"Montcalm County, MI",696423.0,,16.0,68.0,118.0
"Monterey County, CA",4731485.0,339.0,426.0,171.0,446.0
"Montezuma County, CO",285878.0,,12.0,58.0,110.0
"Montgomery County, AL",2500794.0,424.0,488.0,187.0,266.0
"Montgomery County, IN",421017.0,,14.0,42.0,70.0
"Montgomery County, KS",367265.0,14.0,19.0,48.0,63.0
"Montgomery County, MD",11311264.0,126.0,234.0,257.0,829.0
"Montgomery County, MS",113335.0,19.0,23.0,13.0,19.0
"Montgomery County, NC",302182.0,17.0,20.0,31.0,44.0
"Montgomery County, NY",545774.0,,11.0,34.0,69.0
"Montgomery County, OH",5866709.0,479.0,580.0,471.0,920.0
"Montgomery County, PA",9002229.0,98.0,175.0,468.0,1185.0
"Montgomery County, TN",2126087.0,134.0,164.0,241.0,377.0
"Montgomery County, TX",5919974.0,146.0,205.0,559.0,935.0
"Montgomery County, VA",1068104.0,,13.0,69.0,127.0
"Montour County, PA",201785.0,,14.0,22.0,37.0
"Montrose County, CO",457093.0,,21.0,76.0,115.0
"Moore County, NC",1042871.0,37.0,45.0,106.0,174.0
"Morehouse Parish, LA",289569.0,35.0,44.0,28.0,36.0
"Morgan County, AL",1315278.0,76.0,96.0,165.0,253.0
"Morgan County, CO",312931.0,,10.0,34.0,55.0
"Morgan County, GA",201840.0,10.0,14.0,16.0,25.0
"Morgan County, IN",767560.0,13.0,15.0,87.0,149.0
"Morgan County, MO",223919.0,,11.0,23.0,37.0
"Morgan County, TN",238432.0,13.0,17.0,28.0,44.0
"Morris County, NJ",5459160.0,20.0,36.0,102.0,432.0
"Morton County, ND",327995.0,,11.0,34.0,60.0
"Muhlenberg County, KY",341218.0,,14.0,51.0,67.0
"Multnomah County, OR",8623455.0,215.0,338.0,598.0,1486.0
"Murray County, GA",435965.0,,12.0,40.0,69.0
"Muscatine County, IA",470996.0,,10.0,33.0,70.0
"Muscogee County, GA",2164609.0,247.0,294.0,199.0,285.0
"Muskegon County, MI",1897952.0,86.0,119.0,134.0,284.0
"Muskingum County, OH",946235.0,15.0,27.0,98.0,170.0
"Muskogee County, OK",765089.0,52.0,66.0,84.0,149.0
"Nacogdoches County, TX",719373.0,26.0,35.0,68.0,107.0
"Napa County, CA",1534331.0,11.0,21.0,81.0,188.0
"Nash County, NC",1042202.0,82.0,107.0,82.0,133.0
"Nassau County, FL",881824.0,38.0,44.0,119.0,187.0
"Nassau County, NY",14902939.0,168.0,279.0,266.0,1010.0
"Natchitoches Parish, LA",428582.0,44.0,58.0,41.0,51.0
"Natrona County, WY",875586.0,29.0,43.0,139.0,245.0
"Navajo County, AZ",1198104.0,64.0,156.0,174.0,381.0
"Navarro County, TX",535920.0,19.0,24.0,60.0,102.0
"Nelson County, KY",495941.0,13.0,17.0,55.0,87.0
"Neshoba County, MS",323725.0,20.0,35.0,42.0,54.0
"Nevada County, CA",1089616.0,14.0,28.0,135.0,235.0
"New Castle County, DE",6082166.0,412.0,502.0,301.0,718.0
"New Hanover County, NC",2422054.0,110.0,147.0,177.0,365.0
"New Haven County, CT",9451072.0,285.0,401.0,290.0,996.0
"New London County, CT",2977239.0,27.0,63.0,133.0,395.0
"New Madrid County, MO",197634.0,12.0,19.0,25.0,40.0
"New York County, NY",17891713.0,245.0,462.0,89.0,1446.0
"Newaygo County, MI",532020.0,12.0,16.0,66.0,99.0
"Newberry County, SC",418093.0,17.0,27.0,50.0,78.0
"Newport County, RI",907501.0,,14.0,27.0,105.0
"Newport News city, VA",1986552.0,202.0,250.0,136.0,253.0
"Newton County, GA",1163528.0,95.0,109.0,118.0,168.0
"Newton County, MO",643592.0,12.0,21.0,63.0,111.0
"Newton County, MS",236158.0,16.0,26.0,21.0,35.0
"Newton County, TX",154073.0,11.0,13.0,25.0,35.0
"Nez Perce County, ID",440634.0,,15.0,84.0,115.0
"Niagara County, NY",2339226.0,40.0,78.0,140.0,334.0
"Nicholas County, WV",280148.0,13.0,17.0,47.0,65.0
"Noble County, IN",523790.0,,10.0,43.0,70.0
"Nome Census Area, AK",108577.0,,11.0,39.0,79.0
"Norfolk County, MA",7623285.0,54.0,95.0,104.0,628.0
"Norfolk city, VA",2688612.0,289.0,348.0,192.0,326.0
"Northampton County, NC",225257.0,16.0,20.0,24.0,30.0
"Northampton County, PA",3318419.0,47.0,71.0,217.0,492.0
"Northampton County, VA",132496.0,,11.0,16.0,22.0
"Northumberland County, PA",1021534.0,14.0,26.0,78.0,163.0
"Northwest Arctic Borough, AK",84513.0,,10.0,29.0,53.0
"Noxubee County, MS",120329.0,13.0,14.0,,
"Nueces County, TX",3909516.0,191.0,275.0,307.0,540.0
"Nye County, NV",484864.0,14.0,23.0,113.0,184.0
"Oakland County, MI",13610026.0,338.0,471.0,761.0,1721.0
"Obion County, TN",339078.0,,11.0,38.0,50.0
"Ocean County, NJ",6508356.0,36.0,85.0,201.0,648.0
"Oconee County, SC",840828.0,34.0,55.0,106.0,150.0
"Ogle County, IL",569797.0,,13.0,35.0,77.0
"Ohio County, KY",264741.0,,11.0,25.0,41.0
"Okaloosa County, FL",2178341.0,60.0,91.0,251.0,422.0
"Okanogan County, WA",458096.0,11.0,22.0,60.0,95.0
"Okeechobee County, FL",445472.0,11.0,23.0,41.0,78.0
"Okfuskee County, OK",133804.0,17.0,19.0,14.0,25.0
"Oklahoma County, OK",8456094.0,648.0,894.0,903.0,1570.0
"Okmulgee County, OK",430528.0,37.0,44.0,64.0,93.0
"Oktibbeha County, MS",540468.0,18.0,25.0,37.0,53.0
"Olmsted County, MN",1669932.0,13.0,27.0,82.0,178.0
"Oneida County, NY",2549793.0,55.0,89.0,127.0,294.0
"Onondaga County, NY",5119027.0,170.0,272.0,169.0,532.0
"Onslow County, NC",2080467.0,66.0,107.0,230.0,388.0
"Orange County, CA",34477212.0,433.0,704.0,1134.0,3517.0
"Orange County, FL",14125526.0,809.0,1033.0,673.0,1457.0
"Orange County, IN",216050.0,,10.0,23.0,38.0
"Orange County, NC",1559945.0,24.0,37.0,65.0,160.0
"Orange County, NY",4165096.0,75.0,121.0,143.0,354.0
"Orange County, TX",917808.0,37.0,61.0,97.0,160.0
"Orangeburg County, SC",979958.0,122.0,153.0,82.0,116.0
"Orleans County, NY",457413.0,,12.0,30.0,53.0
"Orleans County, VT",297409.0,,10.0,37.0,50.0
"Orleans Parish, LA",4181884.0,1477.0,1619.0,240.0,451.0
"Osage County, OK",522327.0,21.0,28.0,72.0,112.0
"Osceola County, FL",3582223.0,105.0,148.0,191.0,395.0
"Oswego County, NY",1317094.0,,17.0,72.0,194.0
"Otero County, CO",203460.0,,10.0,27.0,39.0
"Otero County, NM",724066.0,29.0,38.0,116.0,198.0
"Otsego County, NY",667466.0,,12.0,33.0,82.0
"Ottawa County, MI",3073740.0,16.0,36.0,121.0,294.0
"Ottawa County, OH",450187.0,,10.0,39.0,69.0
"Ottawa County, OK",348459.0,11.0,17.0,50.0,83.0
"Otter Tail County, MN",637504.0,,11.0,72.0,115.0
"Ouachita County, AR",269705.0,11.0,20.0,27.0,41.0
"Ouachita Parish, LA",1706358.0,155.0,209.0,163.0,239.0
"Outagamie County, WI",2013621.0,16.0,31.0,147.0,311.0
"Owen County, IN",231652.0,,12.0,27.0,45.0
"Page County, VA",262443.0,,10.0,37.0,64.0
"Palm Beach County, FL",15609807.0,807.0,994.0,1075.0,2382.0
"Palo Pinto County, TX",311969.0,,14.0,34.0,63.0
"Panola County, MS",377171.0,47.0,55.0,49.0,61.0
"Panola County, TX",259543.0,12.0,14.0,31.0,43.0
"Parker County, TX",1417990.0,23.0,38.0,163.0,257.0
"Pasco County, FL",5562287.0,126.0,194.0,605.0,1132.0
"Pasquotank County, NC",440987.0,27.0,33.0,33.0,57.0
"Passaic County, NJ",5557632.0,192.0,258.0,82.0,332.0
"Paulding County, GA",1700181.0,51.0,62.0,164.0,249.0
"Pawnee County, OK",181235.0,10.0,14.0,30.0,44.0
"Payne County, OK",882202.0,17.0,29.0,75.0,122.0
"Peach County, GA",300343.0,11.0,17.0,35.0,48.0
"Pearl River County, MS",609712.0,28.0,36.0,68.0,114.0
"Pemiscot County, MO",189112.0,25.0,30.0,23.0,34.0
"Pender County, NC",638947.0,18.0,26.0,79.0,124.0
"Pennington County, SD",1191758.0,21.0,56.0,140.0,261.0
"Penobscot County, ME",1679587.0,18.0,41.0,175.0,284.0
"Peoria County, IL",2028020.0,129.0,193.0,106.0,260.0
"Perquimans County, NC",148371.0,,12.0,11.0,20.0
"Perry County, AL",106306.0,10.0,12.0,,
"Perry County, KY",300078.0,22.0,32.0,40.0,48.0
"Perry County, OH",396503.0,,14.0,39.0,64.0
"Person County, NC",433612.0,22.0,26.0,63.0,81.0
"Petersburg city, VA",351426.0,113.0,133.0,28.0,53.0
"Pettis County, MO",465525.0,11.0,18.0,38.0,68.0
"Phelps County, MO",492682.0,,19.0,55.0,85.0
"Philadelphia County, PA",17186412.0,2989.0,3505.0,652.0,1773.0
"Phillips County, AR",214482.0,77.0,92.0,28.0,35.0
"Pickaway County, OH",628861.0,12.0,17.0,51.0,95.0
"Pickens County, AL",219291.0,,11.0,22.0,26.0
"Pickens County, SC",1346502.0,52.0,68.0,156.0,281.0
"Pierce County, GA",210258.0,,12.0,26.0,38.0
"Pierce County, WA",9358680.0,255.0,376.0,787.0,1706.0
"Pike County, AL",364741.0,32.0,42.0,43.0,57.0
"Pike County, KY",675085.0,20.0,32.0,89.0,114.0
"Pike County, MS",437921.0,60.0,72.0,44.0,52.0
"Pike County, OH",310621.0,18.0,24.0,32.0,55.0
"Pike County, PA",618918.0,,13.0,71.0,113.0
"Pima County, AZ",11159823.0,503.0,721.0,1273.0,2207.0
"Pinal County, AZ",4583511.0,166.0,243.0,421.0,735.0
"Pinellas County, FL",10430677.0,312.0,497.0,1035.0,2106.0
"Pitt County, NC",1937137.0,96.0,137.0,126.0,203.0
"Pittsburg County, OK",490016.0,22.0,43.0,73.0,126.0
"Pittsylvania County, VA",680258.0,17.0,35.0,98.0,136.0
"Placer County, CA",4142771.0,46.0,78.0,259.0,569.0
"Plaquemines Parish, LA",257615.0,,11.0,18.0,33.0
"Platte County, MO",1069904.0,29.0,39.0,93.0,165.0
"Plymouth County, MA",5603366.0,69.0,119.0,116.0,565.0
"Poinsett County, AR",264797.0,14.0,21.0,41.0,67.0
"Pointe Coupee Parish, LA",245013.0,21.0,25.0,30.0,43.0
"Polk County, AR",222601.0,,12.0,46.0,60.0
"Polk County, FL",7265454.0,242.0,367.0,535.0,1018.0
"Polk County, GA",459498.0,27.0,31.0,58.0,85.0
"Polk County, IA",5118520.0,119.0,185.0,296.0,726.0
"Polk County, OR",886432.0,,13.0,58.0,115.0
"Polk County, TN",184577.0,,11.0,33.0,45.0
"Polk County, TX",527092.0,26.0,41.0,78.0,125.0
"Pontotoc County, MS",342864.0,,10.0,37.0,60.0
"Pontotoc County, OK",418922.0,17.0,28.0,40.0,59.0
"Pope County, AR",696008.0,31.0,38.0,79.0,114.0
"Portage County, OH",1784687.0,22.0,33.0,123.0,237.0
"Portage County, WI",775473.0,,12.0,55.0,112.0
"Porter County, IN",1844041.0,25.0,41.0,155.0,300.0
"Portsmouth city, VA",1050047.0,136.0,170.0,90.0,148.0
"Pottawatomie County, OK",788111.0,28.0,53.0,107.0,164.0
"Pottawattamie County, IA",1026151.0,23.0,37.0,80.0,178.0
"Potter County, TX",1325140.0,76.0,115.0,144.0,271.0
"Powell County, KY",136645.0,,12.0,20.0,30.0
"Powhatan County, VA",315051.0,,10.0,32.0,50.0
"Preble County, OH",455968.0,,11.0,43.0,68.0
"Prentiss County, MS",278242.0,10.0,18.0,36.0,48.0
"Preston County, WV",370750.0,10.0,23.0,49.0,69.0
"Prince Edward County, VA",253380.0,,10.0,27.0,34.0
"Prince George County, VA",412444.0,12.0,14.0,35.0,65.0
"Prince George's County, MD",9868889.0,761.0,1039.0,274.0,607.0
"Prince William County, VA",4919804.0,74.0,117.0,207.0,442.0
"Providence County, RI",6958338.0,139.0,231.0,172.0,712.0
"Pueblo County, CO",1804751.0,92.0,134.0,240.0,455.0
"Pulaski County, AR",4299427.0,530.0,679.0,433.0,708.0
"Pulaski County, GA",125735.0,10.0,11.0,14.0,22.0
"Pulaski County, KY",705364.0,20.0,27.0,89.0,131.0
"Pulaski County, MO",581156.0,10.0,42.0,67.0,93.0
"Pulaski County, VA",377791.0,11.0,16.0,42.0,72.0
"Putnam County, FL",807651.0,47.0,63.0,112.0,172.0
"Putnam County, GA",237332.0,,10.0,28.0,44.0
"Putnam County, IN",414300.0,,12.0,56.0,89.0
"Putnam County, TN",834373.0,16.0,27.0,99.0,152.0
"Putnam County, WV",621490.0,,11.0,57.0,93.0
"Quay County, NM",93828.0,10.0,15.0,19.0,35.0
"Queen Anne's County, MD",541470.0,10.0,16.0,40.0,75.0
"Queens County, NY",25158467.0,431.0,782.0,194.0,1631.0
"Quitman County, MS",82343.0,,11.0,,
"Racine County, WI",2150785.0,43.0,63.0,151.0,324.0
"Raleigh County, WV",843749.0,46.0,68.0,121.0,181.0
"Ramsey County, MN",5878047.0,161.0,232.0,260.0,716.0
"Randall County, TX",1434947.0,21.0,40.0,160.0,285.0
"Randolph County, AL",250026.0,18.0,20.0,44.0,55.0
"Randolph County, IL",358687.0,,14.0,28.0,55.0
"Randolph County, MO",275060.0,,10.0,38.0,57.0
"Randolph County, NC",1573003.0,33.0,55.0,179.0,280.0
"Rankin County, MS",1641816.0,62.0,81.0,170.0,237.0
"Rapides Parish, LA",1446561.0,122.0,174.0,135.0,229.0
"Ravalli County, MT",461136.0,,14.0,97.0,147.0
"Reno County, KS",697121.0,,17.0,70.0,125.0
"Rensselaer County, NY",1754673.0,22.0,54.0,69.0,190.0
"Richland County, OH",1340920.0,31.0,49.0,112.0,186.0
"Richland County, SC",4445850.0,364.0,459.0,329.0,559.0
"Richland Parish, LA",225873.0,16.0,20.0,21.0,23.0
"Richmond County, GA",2219115.0,244.0,328.0,176.0,295.0
"Richmond County, NC",501237.0,32.0,51.0,40.0,68.0
"Richmond County, NY",5213505.0,83.0,161.0,69.0,354.0
"Richmond city, VA",2413959.0,386.0,449.0,125.0,265.0
"Riley County, KS",814107.0,10.0,18.0,47.0,90.0
"Rio Arriba County, NM",435971.0,37.0,58.0,51.0,97.0
"Ripley County, MO",151452.0,,13.0,19.0,29.0
"Riverside County, CA",25902347.0,738.0,1111.0,1103.0,2856.0
"Roane County, TN",586309.0,12.0,19.0,88.0,148.0
"Roanoke County, VA",1030264.0,23.0,30.0,108.0,175.0
"Roanoke city, VA",1086623.0,82.0,112.0,104.0,210.0
"Robertson County, TN",758794.0,28.0,41.0,88.0,149.0
"Robertson County, TX",185019.0,12.0,16.0,15.0,23.0
"Robeson County, NC",1467275.0,282.0,333.0,114.0,184.0
"Rock County, WI",1777712.0,38.0,56.0,121.0,295.0
"Rock Island County, IL",1597868.0,36.0,100.0,82.0,234.0
"Rockcastle County, KY",185335.0,11.0,13.0,21.0,24.0
"Rockdale County, GA",972425.0,64.0,79.0,63.0,113.0
"Rockingham County, NC",1010351.0,55.0,76.0,89.0,157.0
"Rockingham County, NH",3330648.0,13.0,32.0,224.0,508.0
"Rockingham County, VA",870308.0,10.0,16.0,84.0,133.0
"Rockland County, NY",3548765.0,20.0,56.0,64.0,230.0
"Rockwall County, TX",1012789.0,15.0,21.0,81.0,129.0
"Rogers County, OK",993447.0,24.0,33.0,103.0,173.0
"Rolette County, ND",158204.0,,13.0,22.0,36.0
"Roosevelt County, MT",121242.0,,18.0,17.0,47.0
"Roosevelt County, NM",212844.0,11.0,13.0,19.0,33.0
"Rosebud County, MT",101432.0,,10.0,22.0,37.0
"Ross County, OH",850311.0,12.0,25.0,83.0,148.0
"Rowan County, KY",264129.0,,10.0,23.0,29.0
"Rowan County, NC",1537144.0,81.0,117.0,160.0,274.0
"Rusk County, TX",590475.0,27.0,32.0,66.0,99.0
"Russell County, AL",633388.0,78.0,89.0,76.0,107.0
"Russell County, VA",304668.0,,11.0,42.0,58.0
"Rutherford County, NC",736520.0,18.0,27.0,83.0,138.0
"Rutherford County, TN",3296370.0,112.0,150.0,274.0,439.0
"Rutland County, VT",657268.0,,14.0,74.0,126.0
"Sabine Parish, LA",265418.0,13.0,21.0,43.0,54.0
"Sacramento County, CA",16447760.0,711.0,999.0,853.0,2169.0
"Saginaw County, MI",2137938.0,184.0,219.0,144.0,269.0
"Salem County, NJ",705491.0,33.0,51.0,46.0,100.0
"Salem city, VA",278642.0,,11.0,34.0,58.0
"Saline County, AR",1281924.0,27.0,42.0,152.0,222.0
"Saline County, KS",607051.0,14.0,31.0,56.0,106.0
"Salt Lake County, UT",12156849.0,222.0,354.0,1201.0,2553.0
"Saluda County, SC",221801.0,11.0,14.0,22.0,28.0
"Sampson County, NC",700131.0,48.0,58.0,42.0,65.0
"San Benito County, CA",651008.0,15.0,26.0,23.0,52.0
"San Bernardino County, CA",23349394.0,1056.0,1475.0,1086.0,2414.0
"San Diego County, CA",35856204.0,538.0,995.0,1677.0,4526.0
"San Francisco County, CA",9385361.0,301.0,474.0,175.0,971.0
"San Jacinto County, TX",304535.0,19.0,24.0,36.0,54.0
"San Joaquin County, CA",7992122.0,631.0,794.0,346.0,850.0
"San Juan County, NM",1370116.0,48.0,132.0,183.0,370.0
"San Luis Obispo County, CA",3068999.0,19.0,55.0,267.0,562.0
"San Mateo County, CA",8286693.0,128.0,183.0,226.0,719.0
"San Miguel County, NM",309852.0,13.0,31.0,39.0,74.0
"San Patricio County, TX",731101.0,22.0,33.0,68.0,110.0
"Sandoval County, NM",1540348.0,43.0,78.0,186.0,323.0
"Sandusky County, OH",656337.0,10.0,16.0,57.0,90.0
"Sangamon County, IL",2170287.0,84.0,124.0,131.0,312.0
"Santa Barbara County, CA",4835268.0,84.0,151.0,209.0,577.0
"Santa Clara County, CA",20733296.0,304.0,522.0,525.0,1716.0
"Santa Cruz County, AZ",514337.0,,20.0,25.0,47.0
"Santa Cruz County, CA",2976788.0,71.0,108.0,146.0,447.0
"Santa Fe County, NM",1630227.0,52.0,89.0,192.0,388.0
"Santa Rosa County, FL",1853116.0,43.0,68.0,227.0,383.0
"Sarasota County, FL",4476361.0,99.0,138.0,471.0,945.0
"Saratoga County, NY",2484903.0,,25.0,113.0,298.0
"Sarpy County, NE",1925443.0,20.0,34.0,95.0,190.0
"Schenectady County, NY",1706706.0,34.0,61.0,57.0,172.0
"Schuylkill County, PA",1590449.0,15.0,76.0,203.0,332.0
"Scioto County, OH",846669.0,27.0,48.0,66.0,120.0
"Scotland County, NC",389829.0,53.0,64.0,21.0,35.0
"Scott County, AR",117157.0,,10.0,16.0,21.0
"Scott County, IA",1879441.0,36.0,66.0,145.0,304.0
"Scott County, IN",262526.0,12.0,15.0,24.0,37.0
"Scott County, KY",578380.0,13.0,18.0,59.0,81.0
"Scott County, MN",1552790.0,14.0,22.0,73.0,145.0
"Scott County, MO",426979.0,18.0,25.0,43.0,90.0
"Scott County, MS",311000.0,35.0,43.0,26.0,37.0
"Scott County, TN",242646.0,10.0,12.0,37.0,54.0
"Scotts Bluff County, NE",400243.0,,11.0,28.0,62.0
"Screven County, GA",155562.0,15.0,16.0,15.0,16.0
"Sebastian County, AR",1401143.0,41.0,79.0,129.0,231.0
"Sedgwick County, KS",5604360.0,277.0,362.0,523.0,970.0
"Seminole County, FL",4938295.0,144.0,191.0,342.0,644.0
"Seminole County, GA",93970.0,10.0,12.0,10.0,15.0
"Seminole County, OK",275788.0,16.0,23.0,37.0,54.0
"Seneca County, NY",382462.0,,10.0,19.0,49.0
"Sequoyah County, OK",456691.0,18.0,30.0,47.0,88.0
"Sevier County, TN",1048190.0,10.0,16.0,125.0,206.0
"Seward County, KS",248948.0,,11.0,16.0,34.0
"Oglala Lakota County, SD",155607.0,,31.0,,77.0
"Sharkey County, MS",50392.0,,10.0,,
"Sharp County, AR",189347.0,,10.0,29.0,46.0
"Shasta County, CA",1970599.0,53.0,97.0,255.0,493.0
"Shawnee County, KS",1958534.0,140.0,182.0,198.0,381.0
"Sheboygan County, WI",1268253.0,,15.0,75.0,180.0
"Shelby County, AL",2292574.0,54.0,76.0,229.0,326.0
"Shelby County, IN",489942.0,,14.0,53.0,94.0
"Shelby County, KY",504461.0,12.0,18.0,53.0,70.0
"Shelby County, TN",10300344.0,1850.0,2134.0,668.0,1041.0
"Shelby County, TX",280647.0,17.0,26.0,36.0,47.0
"Shenandoah County, VA",473178.0,,12.0,54.0,87.0
"Sheridan County, WY",329807.0,,11.0,63.0,92.0
"Silver Bow County, MT",381054.0,,11.0,72.0,127.0
"Simpson County, KY",197795.0,,11.0,18.0,30.0
"Simpson County, MS",298286.0,18.0,23.0,30.0,39.0
"Siskiyou County, CA",482506.0,12.0,28.0,80.0,121.0
"Skagit County, WA",1351780.0,24.0,40.0,110.0,224.0
"Smith County, MS",177434.0,10.0,16.0,26.0,30.0
"Smith County, TX",2447569.0,86.0,109.0,286.0,443.0
"Smyth County, VA",343016.0,14.0,18.0,55.0,71.0
"Snohomish County, WA",8503398.0,105.0,187.0,586.0,1241.0
"Solano County, CA",4769436.0,291.0,371.0,255.0,613.0
"Somerset County, MD",285552.0,,11.0,17.0,25.0
"Somerset County, ME",563400.0,10.0,13.0,82.0,131.0
"Somerset County, NJ",3631463.0,31.0,54.0,67.0,256.0
"Somerset County, PA",830241.0,,16.0,83.0,129.0
"Sonoma County, CA",5452670.0,58.0,114.0,298.0,782.0
"Spalding County, GA",714242.0,43.0,55.0,73.0,112.0
"Spartanburg County, SC",3309928.0,178.0,237.0,371.0,585.0
"Spokane County, WA",5446256.0,93.0,176.0,504.0,983.0
"Spotsylvania County, VA",1433364.0,27.0,37.0,105.0,179.0
"St. Bernard Parish, LA",483891.0,35.0,43.0,36.0,61.0
"St. Charles County, MO",4226710.0,63.0,88.0,326.0,587.0
"St. Charles Parish, LA",580790.0,32.0,42.0,47.0,75.0
"St. Clair County, AL",958466.0,29.0,50.0,128.0,180.0
"St. Clair County, IL",2909938.0,388.0,447.0,182.0,322.0
"St. Clair County, MI",1762443.0,18.0,37.0,144.0,313.0
"St. Croix County, WI",963662.0,,10.0,68.0,138.0
"St. Francis County, AR",292075.0,34.0,52.0,16.0,29.0
"St. Francois County, MO",729272.0,25.0,44.0,74.0,128.0
"St. Helena Parish, LA",116634.0,14.0,18.0,13.0,20.0
"St. James Parish, LA",236349.0,26.0,29.0,11.0,20.0
"St. John the Baptist Parish, LA",482644.0,87.0,104.0,28.0,43.0
"St. Johns County, FL",2518803.0,47.0,70.0,273.0,484.0
"St. Joseph County, IN",2956399.0,156.0,214.0,217.0,414.0
"St. Joseph County, MI",670810.0,,14.0,62.0,117.0
"St. Landry Parish, LA",915317.0,85.0,114.0,117.0,175.0
"St. Lawrence County, NY",1212869.0,,16.0,64.0,130.0
"St. Louis County, MN",2200062.0,17.0,41.0,210.0,416.0
"St. Louis County, MO",10985243.0,1170.0,1323.0,790.0,1524.0
"St. Louis city, MO",3428144.0,1251.0,1367.0,223.0,435.0
"St. Lucie County, FL",3325081.0,160.0,204.0,289.0,531.0
"St. Martin Parish, LA",586073.0,40.0,63.0,62.0,102.0
"St. Mary Parish, LA",572590.0,36.0,51.0,56.0,75.0
"St. Mary's County, MD",1219165.0,21.0,30.0,79.0,145.0
"St. Tammany Parish, LA",2740133.0,91.0,130.0,275.0,464.0
"Stafford County, VA",1564829.0,30.0,43.0,93.0,182.0
"Stanislaus County, CA",5890592.0,214.0,308.0,257.0,626.0
"Stanly County, NC",674129.0,24.0,31.0,73.0,111.0
"Stark County, OH",4109980.0,151.0,208.0,370.0,709.0
"Starr County, TX",695011.0,31.0,34.0,30.0,53.0
"Staunton city, VA",268675.0,,13.0,27.0,42.0
"Stearns County, MN",1709146.0,14.0,29.0,107.0,218.0
"Stephens County, GA",284483.0,13.0,15.0,40.0,55.0
"Stephens County, OK",485947.0,11.0,20.0,55.0,106.0
"Stephenson County, IL",504917.0,16.0,19.0,27.0,60.0
"Steuben County, NY",1070814.0,,16.0,76.0,150.0
"Stevens County, WA",487948.0,,14.0,80.0,112.0
"Stokes County, NC",509399.0,15.0,20.0,66.0,105.0
"Stone County, MO",348289.0,10.0,15.0,57.0,89.0
"Stone County, MS",199134.0,,11.0,20.0,29.0
"Story County, IA",1040896.0,,15.0,45.0,107.0
"Strafford County, NH",1396438.0,10.0,21.0,91.0,204.0
"Suffolk County, MA",8493169.0,440.0,561.0,72.0,529.0
"Suffolk County, NY",16413235.0,195.0,380.0,439.0,1516.0
"Suffolk city, VA",972107.0,44.0,51.0,62.0,114.0
"Sullivan County, IN",230705.0,,10.0,20.0,40.0
"Sullivan County, NY",835743.0,12.0,24.0,63.0,129.0
"Sullivan County, TN",1730057.0,37.0,58.0,201.0,322.0
"Summers County, WV",145392.0,,11.0,22.0,31.0
"Summit County, OH",5951484.0,313.0,417.0,422.0,896.0
"Sumner County, TN",1945638.0,47.0,76.0,206.0,313.0
"Sumter County, AL",143368.0,16.0,21.0,11.0,15.0
"Sumter County, FL",1282446.0,24.0,36.0,106.0,195.0
"Sumter County, GA",339034.0,27.0,35.0,32.0,41.0
"Sumter County, SC",1180326.0,100.0,124.0,92.0,124.0
"Sunflower County, MS",297648.0,53.0,68.0,14.0,26.0
"Surry County, NC",799460.0,25.0,36.0,100.0,166.0
"Susquehanna County, PA",457886.0,10.0,14.0,56.0,91.0
"Sussex County, DE",2384704.0,42.0,66.0,167.0,320.0
"Sussex County, NJ",1585291.0,10.0,18.0,75.0,197.0
"Sutter County, CA",1055800.0,36.0,51.0,72.0,146.0
"Suwannee County, FL",480138.0,18.0,27.0,68.0,97.0
"Swain County, NC",156266.0,,13.0,23.0,30.0
"Sweetwater County, WY",483887.0,,10.0,99.0,133.0
"Talladega County, AL",888956.0,87.0,108.0,100.0,137.0
"Tallahatchie County, MS",160259.0,19.0,22.0,,17.0
"Tallapoosa County, AL",450024.0,31.0,35.0,55.0,71.0
"Taney County, MO",597738.0,,16.0,64.0,105.0
"Tangipahoa Parish, LA",1416832.0,115.0,148.0,133.0,196.0
"Taos County, NM",361670.0,28.0,39.0,59.0,104.0
"Tarrant County, TX",21760541.0,868.0,1189.0,1486.0,2578.0
"Tate County, MS",313229.0,22.0,25.0,36.0,42.0
"Tattnall County, GA",279039.0,,20.0,25.0,48.0
"Taylor County, FL",244737.0,16.0,24.0,35.0,46.0
"Taylor County, KY",277154.0,,14.0,28.0,40.0
"Taylor County, TX",1490744.0,45.0,70.0,160.0,271.0
"Taylor County, WV",185801.0,,10.0,21.0,33.0
"Tazewell County, IL",1476682.0,10.0,34.0,88.0,195.0
"Tazewell County, VA",469739.0,15.0,23.0,58.0,93.0
"Tehama County, CA",700598.0,23.0,39.0,82.0,139.0
"Telfair County, GA",177886.0,,13.0,14.0,17.0
"Terrebonne Parish, LA",1232366.0,96.0,121.0,107.0,163.0
"Terry County, TX",138481.0,,10.0,,27.0
"Texas County, MO",282313.0,21.0,26.0,35.0,51.0
"Texas County, OK",231306.0,,12.0,19.0,27.0
"Thomas County, GA",492335.0,,12.0,44.0,61.0
"Thurston County, WA",2991801.0,41.0,72.0,273.0,509.0
"Tift County, GA",447757.0,34.0,39.0,41.0,52.0
"Tioga County, PA",457586.0,,11.0,49.0,79.0
"Tippah County, MS",242571.0,24.0,25.0,36.0,50.0
"Tippecanoe County, IN",2037632.0,30.0,53.0,114.0,225.0
"Tipton County, TN",676925.0,29.0,40.0,67.0,109.0
"Titus County, TX",359508.0,,18.0,39.0,55.0
"Todd County, SD",110192.0,,20.0,13.0,59.0
"Tolland County, CT",1665722.0,,17.0,74.0,214.0
"Tom Green County, TX",1278799.0,39.0,53.0,112.0,197.0
"Tompkins County, NY",1134779.0,,11.0,32.0,129.0
"Tooele County, UT",711693.0,11.0,16.0,80.0,143.0
"Toombs County, GA",298653.0,20.0,27.0,21.0,39.0
"Torrance County, NM",172908.0,,12.0,32.0,53.0
"Transylvania County, NC",368454.0,,13.0,42.0,77.0
"Travis County, TX",12880858.0,259.0,419.0,769.0,1590.0
"Trinity County, CA",143249.0,12.0,16.0,36.0,49.0
"Troup County, GA",761522.0,56.0,67.0,77.0,112.0
"Trumbull County, OH",2237956.0,110.0,141.0,224.0,393.0
"Tulare County, CA",5041279.0,298.0,405.0,212.0,471.0
"Tulsa County, OK",6965774.0,538.0,688.0,755.0,1332.0
"Tunica County, MS",112608.0,21.0,27.0,,
"Tuolumne County, CA",597324.0,,13.0,67.0,132.0
"Tuscaloosa County, AL",2240409.0,120.0,161.0,198.0,257.0
"Tuscarawas County, OH",1016514.0,13.0,24.0,90.0,145.0
"Twin Falls County, ID",907084.0,16.0,23.0,116.0,215.0
"Tyler County, TX",236937.0,12.0,17.0,33.0,56.0
"Uintah County, UT",389290.0,13.0,23.0,59.0,100.0
"Ulster County, NY",1980848.0,15.0,35.0,97.0,261.0
"Umatilla County, OR",846049.0,27.0,44.0,91.0,157.0
"Unicoi County, TN",197610.0,,12.0,24.0,33.0
"Union County, AR",440361.0,44.0,53.0,51.0,74.0
"Union County, FL",167713.0,,15.0,15.0,37.0
"Union County, GA",250015.0,,13.0,45.0,63.0
"Union County, MS",309322.0,12.0,12.0,38.0,50.0
"Union County, NC",2447642.0,53.0,75.0,139.0,243.0
"Union County, NJ",6066274.0,184.0,271.0,74.0,384.0
"Union County, PA",493603.0,,12.0,22.0,47.0
"Union County, SC",306502.0,24.0,32.0,32.0,45.0
"Union County, TN",213199.0,11.0,14.0,32.0,52.0
"Union Parish, LA",246898.0,10.0,12.0,33.0,43.0
"Upshur County, TX",447400.0,20.0,30.0,64.0,92.0
"Upson County, GA",291482.0,14.0,17.0,29.0,44.0
"Utah County, UT",6383868.0,52.0,79.0,483.0,938.0
"Uvalde County, TX",295726.0,11.0,16.0,19.0,40.0
"Val Verde County, TX",538622.0,,12.0,28.0,50.0
"Valencia County, NM",840392.0,48.0,69.0,82.0,172.0
"Van Buren County, MI",830749.0,10.0,19.0,71.0,135.0
"Van Zandt County, TX",596399.0,27.0,34.0,83.0,125.0
"Vance County, NC",492141.0,90.0,103.0,45.0,64.0
"Vanderburgh County, IN",1994356.0,76.0,119.0,189.0,421.0
"Venango County, PA",581100.0,,10.0,65.0,99.0
"Ventura County, CA",9269725.0,176.0,281.0,425.0,1050.0
"Vermilion County, IL",866639.0,56.0,73.0,66.0,131.0
"Vermilion Parish, LA",652802.0,33.0,44.0,59.0,94.0
"Vernon Parish, LA",559329.0,14.0,32.0,60.0,95.0
"Victoria County, TX",997704.0,26.0,49.0,120.0,177.0
"Vigo County, IN",1185299.0,27.0,65.0,107.0,233.0
"Virginia Beach city, VA",4934357.0,166.0,213.0,378.0,664.0
"Volusia County, FL",5742940.0,205.0,293.0,713.0,1270.0
"Kusilvak Census Area, AK",88232.0,,21.0,47.0,102.0
"Wagoner County, OK",850834.0,32.0,45.0,107.0,162.0
"Wake County, NC",11235433.0,226.0,317.0,474.0,1018.0
"Wakulla County, FL",351093.0,,15.0,52.0,68.0
"Waldo County, ME",432025.0,,14.0,48.0,88.0
"Walker County, AL",716068.0,35.0,56.0,100.0,162.0
"Walker County, GA",756302.0,18.0,28.0,59.0,102.0
"Walker County, TX",775005.0,11.0,28.0,59.0,120.0
"Walla Walla County, WA",661366.0,13.0,20.0,61.0,97.0
"Waller County, TX",539510.0,27.0,34.0,52.0,80.0
"Walthall County, MS",162520.0,13.0,20.0,13.0,21.0
"Walton County, FL",709622.0,,22.0,89.0,139.0
"Walton County, GA",981446.0,33.0,44.0,113.0,178.0
"Walworth County, WI",1134866.0,16.0,21.0,84.0,159.0
"Wapello County, IA",387373.0,,17.0,42.0,82.0
"Ward County, ND",742201.0,12.0,24.0,81.0,140.0
"Ware County, GA",394050.0,27.0,33.0,31.0,54.0
"Warren County, GA",60153.0,,12.0,,
"Warren County, KY",1361147.0,36.0,58.0,139.0,215.0
"Warren County, MO",372675.0,,16.0,42.0,63.0
"Warren County, MS",519195.0,53.0,71.0,53.0,73.0
"Warren County, NC",222220.0,17.0,21.0,20.0,26.0
"Warren County, NJ",1175934.0,,17.0,48.0,143.0
"Warren County, NY",713138.0,,12.0,47.0,92.0
"Warren County, OH",2471273.0,23.0,36.0,129.0,271.0
"Warren County, TN",444901.0,14.0,19.0,52.0,81.0
"Warrick County, IN",678384.0,11.0,14.0,60.0,95.0
"Wasco County, OR",284843.0,,10.0,34.0,61.0
"Washington County, AL",184516.0,13.0,19.0,24.0,34.0
"Washington County, AR",2464085.0,37.0,65.0,199.0,374.0
"Washington County, FL",273906.0,14.0,27.0,39.0,57.0
"Washington County, GA",226984.0,,13.0,20.0,25.0
"Washington County, IN",307504.0,,13.0,44.0,60.0
"Washington County, MD",1647550.0,39.0,65.0,123.0,242.0
"Washington County, MN",2767569.0,18.0,39.0,136.0,318.0
"Washington County, MS",523330.0,130.0,159.0,29.0,39.0
"Washington County, NY",683437.0,,14.0,49.0,98.0
"Washington County, OH",669389.0,,14.0,59.0,98.0
"Washington County, OK",569231.0,14.0,30.0,64.0,114.0
"Washington County, OR",6284649.0,49.0,86.0,413.0,861.0
"Washington County, PA",2285765.0,44.0,58.0,228.0,382.0
"Washington County, TN",1394111.0,31.0,44.0,148.0,254.0
"Washington County, TX",381812.0,,11.0,30.0,37.0
"Washington County, UT",1740016.0,21.0,31.0,242.0,409.0
"Washington County, VA",599558.0,13.0,22.0,86.0,126.0
"Washington County, VT",647225.0,10.0,13.0,73.0,114.0
"Washington County, WI",1474167.0,10.0,22.0,103.0,208.0
"Washington Parish, LA",511545.0,36.0,48.0,46.0,67.0
"Washoe County, NV",4926276.0,148.0,236.0,566.0,1065.0
"Washtenaw County, MI",3951066.0,70.0,104.0,169.0,415.0
"Watauga County, NC",589727.0,,10.0,48.0,80.0
"Waukesha County, WI",4370849.0,36.0,57.0,284.0,571.0
"Wayne County, GA",329970.0,18.0,23.0,29.0,54.0
"Wayne County, IN",738822.0,23.0,38.0,79.0,120.0
"Wayne County, KY",226413.0,,11.0,31.0,41.0
"Wayne County, MI",19461298.0,3106.0,3685.0,1123.0,2292.0
"Wayne County, MO",145858.0,,12.0,22.0,38.0
"Wayne County, MS",225316.0,32.0,35.0,23.0,31.0
"Wayne County, NC",1362405.0,103.0,120.0,96.0,148.0
"Wayne County, NY",1006929.0,,20.0,51.0,118.0
"Wayne County, OH",1270529.0,10.0,23.0,88.0,163.0
"Wayne County, PA",567643.0,11.0,24.0,101.0,155.0
"Wayne County, TN",184619.0,,12.0,24.0,32.0
"Wayne County, WV",448870.0,12.0,20.0,45.0,67.0
"Waynesboro city, VA",239757.0,,10.0,24.0,53.0
"Weakley County, TN",374498.0,16.0,19.0,50.0,74.0
"Webb County, TX",2941091.0,82.0,118.0,60.0,166.0
"Weber County, UT",2703494.0,47.0,72.0,332.0,648.0
"Webster County, IA",405505.0,10.0,18.0,33.0,69.0
"Webster County, MO",415160.0,11.0,15.0,62.0,92.0
"Webster Parish, LA",438636.0,11.0,18.0,66.0,85.0
"Weld County, CO",3180128.0,42.0,77.0,295.0,569.0
"West Baton Rouge Parish, LA",278895.0,24.0,30.0,23.0,44.0
"West Feliciana Parish, LA",169942.0,,11.0,12.0,27.0
"Westchester County, NY",10640220.0,131.0,237.0,169.0,778.0
"Westmoreland County, PA",3927430.0,62.0,86.0,365.0,627.0
"Wharton County, TX",456312.0,12.0,16.0,44.0,66.0
"Whatcom County, WA",2361205.0,27.0,56.0,189.0,380.0
"White County, AR",864460.0,30.0,44.0,95.0,144.0
"White County, GA",316258.0,,10.0,39.0,53.0
"White County, IN",267556.0,,14.0,18.0,40.0
"White County, TN",292703.0,,16.0,47.0,69.0
"Whiteside County, IL",624355.0,,10.0,32.0,86.0
"Whitfield County, GA",1141619.0,14.0,28.0,89.0,134.0
"Whitley County, KY",395624.0,18.0,30.0,57.0,77.0
"Wichita County, TX",1451201.0,44.0,65.0,124.0,253.0
"Wicomico County, MD",1119669.0,40.0,62.0,64.0,118.0
"Wilcox County, AL",120958.0,26.0,29.0,,
"Wilkes County, NC",756321.0,27.0,45.0,90.0,139.0
"Wilkinson County, MS",100307.0,23.0,32.0,10.0,13.0
"Will County, IL",7551103.0,198.0,269.0,271.0,761.0
"Williams County, ND",349813.0,,10.0,46.0,81.0
"Williamsburg County, SC",354311.0,51.0,61.0,12.0,24.0
"Williamson County, IL",736007.0,18.0,27.0,82.0,129.0
"Williamson County, TN",2341305.0,33.0,42.0,172.0,298.0
"Williamson County, TX",5641859.0,60.0,90.0,417.0,711.0
"Wilson County, NC",897902.0,48.0,75.0,60.0,96.0
"Wilson County, TN",1428438.0,38.0,51.0,138.0,234.0
"Wilson County, TX",521518.0,45.0,52.0,48.0,69.0
"Winchester city, VA",301048.0,,12.0,23.0,48.0
"Windham County, CT",1288253.0,,19.0,64.0,196.0
"Windham County, VT",476728.0,,14.0,52.0,117.0
"Windsor County, VT",613297.0,,11.0,65.0,119.0
"Winn Parish, LA",160081.0,,11.0,16.0,22.0
"Winnebago County, IL",3166213.0,201.0,266.0,155.0,421.0
"Winnebago County, WI",1866943.0,16.0,30.0,132.0,296.0
"Winona County, MN",561297.0,,10.0,35.0,65.0
"Winston County, AL",263416.0,12.0,19.0,34.0,48.0
"Winston County, MS",203250.0,13.0,18.0,18.0,23.0
"Wise County, TX",704931.0,14.0,21.0,67.0,108.0
"Wise County, VA",434592.0,11.0,21.0,52.0,83.0
"Wood County, OH",1421964.0,,18.0,84.0,163.0
"Wood County, TX",480164.0,15.0,22.0,63.0,91.0
"Wood County, WI",809807.0,,14.0,63.0,126.0
"Wood County, WV",941441.0,19.0,40.0,88.0,158.0
"Woodbury County, IA",1128179.0,,28.0,68.0,160.0
"Worcester County, MA",8983864.0,70.0,153.0,251.0,888.0
"Worcester County, MD",569017.0,,11.0,41.0,72.0
"Worth County, GA",230070.0,,11.0,35.0,45.0
"Wright County, MN",1449983.0,,11.0,87.0,182.0
"Wyandotte County, KS",1785384.0,295.0,341.0,140.0,285.0
"Wyoming County, WV",242532.0,11.0,18.0,39.0,59.0
"Wythe County, VA",319230.0,,10.0,37.0,60.0
"Yadkin County, NC",416325.0,,11.0,54.0,74.0
"Yakima County, WA",2734937.0,183.0,257.0,204.0,362.0
"Yalobusha County, MS",136177.0,14.0,16.0,17.0,23.0
"Yamhill County, OR",1137113.0,13.0,24.0,108.0,203.0
"Yancey County, NC",195409.0,,11.0,17.0,37.0
"Yavapai County, AZ",2452838.0,54.0,89.0,554.0,839.0
"Yazoo County, MS",306474.0,42.0,56.0,17.0,28.0
"Yell County, AR",238866.0,12.0,16.0,19.0,35.0
"Yellowstone County, MT",1718611.0,33.0,68.0,240.0,418.0
"Yolo County, CA",2327774.0,27.0,55.0,89.0,221.0
"York County, ME",2225115.0,15.0,27.0,199.0,430.0
"York County, PA",4869776.0,164.0,214.0,401.0,788.0
"York County, SC",2796307.0,103.0,131.0,265.0,426.0
"York County, VA",739232.0,15.0,22.0,52.0,95.0
"Yuba County, CA",828632.0,31.0,52.0,72.0,143.0
"Yukon-Koyukuk Census Area, AK",60314.0,,14.0,19.0,33.0
"Yuma County, AZ",2262270.0,61.0,85.0,175.0,278.0
